Date,Close,Open,High,Low,Volumn,Chg
11/9/2023,25.65,25.89,26.06,25.63,2.88M,-0.70%
11/8/2023,25.83,25.74,26,25.49,2.31M,0.51%
11/7/2023,25.7,25.89,26.06,25.7,1.57M,-0.96%
11/6/2023,25.95,26.13,26.16,25.85,2.17M,-0.69%
11/3/2023,26.13,25.74,26.25,25.64,4.47M,3.04%
11/2/2023,25.36,26.06,26.25,25.33,4.73M,-1.63%
11/1/2023,25.78,25.65,25.81,25.35,4.59M,0.23%
10/31/2023,25.72,25.56,25.82,25.42,3.45M,0.63%
10/30/2023,25.56,25.77,26.02,25.53,4.78M,-0.62%
10/27/2023,25.72,25.74,25.97,25.35,7.53M,-0.19%
10/26/2023,25.77,25.49,25.92,24.73,16.62M,10.98%
10/25/2023,23.22,23.75,23.97,23.14,7.97M,-2.56%
10/24/2023,23.83,23.92,24.27,23.76,7.42M,0.46%
10/23/2023,23.72,24,24.07,23.61,5.56M,-1.66%
10/20/2023,24.12,24.6,24.6,23.52,9.62M,-2.58%
10/19/2023,24.76,25.71,25.8,24.7,4.00M,-3.51%
10/18/2023,25.66,25.56,25.98,25.36,3.11M,-1.08%
10/17/2023,25.94,25.99,26.55,25.78,8.47M,-1.56%
10/16/2023,26.35,26.01,26.57,26,2.48M,2.25%
10/13/2023,25.77,26.62,26.78,25.73,2.89M,-3.77%
10/12/2023,26.78,27.02,27.12,26.52,2.28M,-0.67%
10/11/2023,26.96,27,27.38,26.74,3.28M,0.26%
10/10/2023,26.89,26.71,27.14,26.66,2.87M,1.09%
10/9/2023,26.6,26.16,26.74,26.03,2.04M,0.76%
10/6/2023,26.4,25.93,26.58,25.93,3.23M,1.38%
10/5/2023,26.04,26.54,26.8,26.01,3.27M,-2.14%
10/4/2023,26.61,26.46,26.74,26.35,2.75M,0.91%
10/3/2023,26.37,26.61,27,26.23,3.70M,-1.20%
10/2/2023,26.69,26.88,26.99,26.56,3.32M,-1.07%
9/29/2023,26.98,26.76,27.18,26.61,6.74M,1.47%
9/28/2023,26.59,25.28,26.65,25.28,3.70M,5.73%
9/27/2023,25.15,25.39,25.64,24.99,2.30M,-0.32%
9/26/2023,25.23,25.59,25.77,25.17,3.18M,-2.25%
9/25/2023,25.81,25.73,26.04,25.65,2.33M,-0.27%
9/22/2023,25.88,25.5,26.13,25.5,3.48M,1.81%
9/21/2023,25.42,25.52,25.66,25.39,2.10M,-1.47%
9/20/2023,25.8,25.97,26.16,25.77,2.34M,0.00%
9/19/2023,25.8,25.47,25.86,25.37,1.93M,0.66%
9/18/2023,25.63,25.59,25.83,25.51,2.00M,-0.23%
9/15/2023,25.69,26.35,26.42,25.64,2.73M,-2.69%
9/14/2023,26.4,26.13,26.49,26.13,3.18M,1.15%
9/13/2023,26.1,26.24,26.43,25.93,1.92M,-0.76%
9/12/2023,26.3,26.3,26.6,26.19,2.20M,-0.75%
9/11/2023,26.5,26.43,26.59,26.07,2.96M,0.99%
9/8/2023,26.24,26.38,26.51,26.13,2.12M,-0.79%
9/7/2023,26.45,26.57,26.67,25.88,3.31M,-0.75%
9/6/2023,26.65,26.73,26.92,26.48,3.32M,-0.52%
9/5/2023,26.79,27.32,27.34,26.76,4.11M,-2.62%
9/1/2023,27.51,27.67,27.79,27.43,3.37M,-0.29%
8/31/2023,27.59,27.49,27.99,27.41,2.98M,0.99%
8/30/2023,27.32,27.3,27.6,27.24,2.22M,-0.26%
8/29/2023,27.39,27.21,27.63,27.06,2.60M,0.70%
8/28/2023,27.2,26.51,27.33,26.32,4.72M,4.06%
8/25/2023,26.14,26.07,26.35,25.9,1.90M,0.27%
8/24/2023,26.07,26.55,26.83,26.03,2.34M,-1.55%
8/23/2023,26.48,25.94,26.54,25.89,1.94M,2.08%
8/22/2023,25.94,26.24,26.43,25.92,3.56M,-0.19%
8/21/2023,25.99,25.73,26.06,25.68,1.53M,1.13%
8/18/2023,25.7,25.21,25.78,25.06,2.16M,0.78%
8/17/2023,25.5,25.81,26.13,25.47,3.25M,-0.55%
8/16/2023,25.64,26.2,26.29,25.62,2.55M,-2.32%
8/15/2023,26.25,26.83,26.83,25.92,3.77M,-1.57%
8/14/2023,26.67,26.43,26.7,26.35,1.89M,0.76%
8/11/2023,26.47,26.66,26.71,26.35,3.08M,-1.49%
8/10/2023,26.87,27.3,27.4,26.67,2.57M,-0.74%
8/9/2023,27.07,27.43,27.55,27,2.27M,-1.67%
8/8/2023,27.53,27.29,27.53,27.06,3.17M,0.40%
8/7/2023,27.42,27.16,27.44,27.16,2.73M,1.44%
8/4/2023,27.03,26.71,27.35,26.67,2.27M,1.20%
8/3/2023,26.71,26.74,27,26.62,1.85M,-0.93%
8/2/2023,26.96,27.06,27.32,26.69,3.03M,-1.35%
8/1/2023,27.33,27.15,27.46,26.93,3.01M,-0.11%
7/31/2023,27.36,27.11,27.57,27.04,3.28M,1.41%
7/28/2023,26.98,27.16,27.53,26.84,5.86M,-0.07%
7/27/2023,27,28.5,28.67,26.93,10.25M,-4.49%
7/26/2023,28.27,28.42,28.58,28.15,4.93M,-0.53%
7/25/2023,28.42,28.23,28.62,28.1,4.76M,0.89%
7/24/2023,28.17,28.35,28.37,27.42,6.32M,-0.81%
7/21/2023,28.4,28.86,28.9,28.18,4.62M,0.14%
7/20/2023,28.36,28.8,28.8,28.12,7.11M,-1.49%
7/19/2023,28.79,28.56,28.82,28.4,3.81M,1.37%
7/18/2023,28.4,28.23,28.48,28.11,2.83M,0.67%
7/17/2023,28.21,27.86,28.34,27.83,2.61M,1.11%
7/14/2023,27.9,28.24,28.25,27.81,2.38M,-1.34%
7/13/2023,28.28,28.13,28.4,28.06,3.37M,0.89%
7/12/2023,28.03,28,28.16,27.9,2.66M,0.61%
7/11/2023,27.86,27.98,28,27.63,2.95M,-0.18%
7/10/2023,27.91,27.52,27.94,27.52,2.33M,1.31%
7/7/2023,27.55,27.28,27.85,27.26,2.41M,1.29%
7/6/2023,27.2,27.09,27.39,26.96,1.97M,-0.33%
7/5/2023,27.29,27.37,27.4,27.09,2.83M,-1.27%
7/3/2023,27.64,27.61,27.84,27.39,1.60M,0.00%
6/30/2023,27.64,27.43,27.93,27.42,3.11M,1.02%
6/29/2023,27.36,26.83,27.39,26.8,3.08M,2.63%
6/28/2023,26.66,26.36,26.68,26.26,2.99M,0.76%
6/27/2023,26.46,26.19,26.62,25.94,2.75M,1.38%
6/26/2023,26.1,26.33,26.66,26.08,2.53M,-1.10%
6/23/2023,26.39,26.27,26.53,26.03,2.92M,-0.68%
6/22/2023,26.57,26.94,26.98,26.55,2.78M,-1.52%
6/21/2023,26.98,27.01,27.25,26.7,6.62M,-0.70%
6/20/2023,27.17,26.49,27.32,26.38,4.75M,1.49%
6/16/2023,26.77,26.89,27.05,26.66,3.75M,-0.30%
6/15/2023,26.85,26.6,26.88,26.35,8.41M,0.79%
6/14/2023,26.64,26.5,26.83,26.29,4.55M,0.11%
6/13/2023,26.61,26.7,26.88,26.4,4.37M,-0.30%
6/12/2023,26.69,26.38,26.74,26.36,3.12M,1.37%
6/9/2023,26.33,26.53,26.6,26.19,2.13M,-0.23%
6/8/2023,26.39,26.41,26.54,26.21,3.06M,-0.60%
6/7/2023,26.55,26.23,26.75,26.23,4.57M,1.22%
6/6/2023,26.23,25.73,26.31,25.62,2.95M,1.39%
6/5/2023,25.87,26.06,26.16,25.62,3.10M,-1.00%
6/2/2023,26.13,25.79,26.23,25.72,2.80M,2.31%
6/1/2023,25.54,25.5,25.72,25.19,2.05M,0.59%
5/31/2023,25.39,25.5,25.76,25.01,4.55M,-1.59%
5/30/2023,25.8,26.25,26.27,25.68,4.65M,-0.42%
5/26/2023,25.91,25.6,26.03,25.39,6.37M,1.73%
5/25/2023,25.47,24.8,25.56,24.7,6.91M,3.96%
5/24/2023,24.5,24.44,24.58,24.26,2.93M,-0.28%
5/23/2023,24.57,24.38,25.14,24.38,5.24M,0.24%
5/22/2023,24.51,24.24,24.61,24.24,3.09M,0.86%
5/19/2023,24.3,24.38,24.43,23.96,3.95M,0.45%
5/18/2023,24.19,24,24.46,23.81,5.83M,1.04%
5/17/2023,23.94,23.56,24.47,23.42,5.22M,2.40%
5/16/2023,23.38,23.54,23.9,23.38,4.78M,-0.93%
5/15/2023,23.6,23.61,23.81,23.41,6.40M,-0.04%
5/12/2023,23.61,23.13,24.09,23.07,11.71M,2.65%
5/11/2023,23,21.68,23.12,21.58,15.47M,8.80%
5/10/2023,21.14,21,21.35,20.83,8.50M,1.05%
5/9/2023,20.92,20.69,21.13,20.69,5.72M,0.43%
5/8/2023,20.83,20.5,20.84,20.41,6.44M,1.61%
5/5/2023,20.5,20.48,20.83,20.38,4.43M,1.89%
5/4/2023,20.12,20.01,20.25,19.85,3.38M,0.00%
5/3/2023,20.12,20.42,20.61,20.11,3.94M,-0.98%
5/2/2023,20.32,20.58,20.69,20.16,4.59M,-1.84%
5/1/2023,20.7,20.53,21.06,20.53,3.53M,0.63%
4/28/2023,20.57,20.12,20.63,20.1,3.77M,1.93%
4/27/2023,20.18,19.84,20.2,19.44,5.82M,1.71%
4/26/2023,19.84,19.66,20.08,19.51,5.28M,0.81%
4/25/2023,19.68,20.35,20.42,19.64,5.00M,-4.70%
4/24/2023,20.65,20.58,20.77,20.55,3.39M,0.10%
4/21/2023,20.63,20.76,20.78,20.4,3.34M,-0.72%
4/20/2023,20.78,20.86,21.03,20.66,7.45M,-1.75%
4/19/2023,21.15,21.57,21.6,21.02,4.15M,-3.20%
4/18/2023,21.85,21.74,21.9,21.48,3.09M,1.11%
4/17/2023,21.61,21.51,21.83,21.51,2.43M,-0.32%
4/14/2023,21.68,21.69,21.93,21.49,1.71M,-0.37%
4/13/2023,21.76,21.6,21.93,21.26,1.87M,1.30%
4/12/2023,21.48,21.63,21.83,21.43,2.62M,0.19%
4/11/2023,21.44,21.7,21.82,21.4,2.27M,-0.56%
4/10/2023,21.56,21.17,21.69,21.1,2.11M,0.98%
4/6/2023,21.35,21.53,21.64,21.31,2.27M,-1.57%
4/5/2023,21.69,21.56,21.76,21.41,2.09M,-0.32%
4/4/2023,21.76,22.61,22.61,21.61,3.49M,-3.46%
4/3/2023,22.54,22.9,23.07,22.43,3.45M,-2.04%
3/31/2023,23.01,22.28,23.02,22.28,3.94M,3.28%
3/30/2023,22.28,22.39,22.54,22.17,2.53M,0.63%
3/29/2023,22.14,21.74,22.17,21.66,3.39M,2.93%
3/28/2023,21.51,21.25,21.54,21.12,3.23M,1.08%
3/27/2023,21.28,21.19,21.57,21.12,2.41M,1.38%
3/24/2023,20.99,21.22,21.31,20.81,2.35M,-2.19%
3/23/2023,21.46,21.53,22.05,21.03,3.59M,0.75%
3/22/2023,21.3,21.45,21.97,21.28,4.24M,-1.21%
3/21/2023,21.56,21.32,21.76,21.32,3.59M,2.62%
3/20/2023,21.01,20.85,21.37,20.81,4.18M,1.35%
3/17/2023,20.73,21.04,21.05,20.36,6.17M,-1.66%
3/16/2023,21.08,20.43,21.13,19.98,9.38M,1.59%
3/15/2023,20.75,20.95,21.11,20.22,9.89M,-2.86%
3/14/2023,21.36,21.48,21.73,20.97,7.06M,1.09%
3/13/2023,21.13,21.17,21.8,21.08,5.30M,-2.40%
3/10/2023,21.65,22.28,22.64,21.58,3.54M,-3.00%
3/9/2023,22.32,23.07,23.09,22.27,3.38M,-2.79%
3/8/2023,22.96,22.96,23.1,22.58,3.38M,0.53%
3/7/2023,22.84,23.08,23.23,22.73,2.21M,-0.78%
3/6/2023,23.02,22.9,23.53,22.9,4.08M,0.52%
3/3/2023,22.9,22.94,23.08,22.8,2.06M,0.62%
3/2/2023,22.76,22.56,22.85,22.33,2.88M,-0.04%
3/1/2023,22.77,22.81,23.18,22.59,3.95M,0.04%
2/28/2023,22.76,23.14,23.14,22.73,3.79M,-1.43%
2/27/2023,23.09,23.5,23.58,23.02,1.92M,-0.65%
2/24/2023,23.24,23.01,23.34,22.88,3.18M,-0.64%
2/23/2023,23.39,23.58,23.64,23.15,2.15M,0.73%
2/22/2023,23.22,23.57,23.6,22.86,3.55M,0.22%
2/21/2023,23.17,23.45,23.74,23.14,3.35M,-2.36%
2/17/2023,23.73,24.12,24.22,23.68,2.58M,-2.10%
2/16/2023,24.24,24.28,24.59,24.08,2.64M,-1.14%
2/15/2023,24.52,24.56,24.81,24.3,8.59M,-0.65%
2/14/2023,24.68,24.4,24.86,24.26,2.87M,0.94%
2/13/2023,24.45,24.5,24.63,24.34,4.32M,0.04%
2/10/2023,24.44,23.17,24.55,23.16,8.95M,4.89%
2/9/2023,23.3,24.49,24.98,23.28,13.42M,-3.52%
2/8/2023,24.15,24.31,24.47,23.82,6.94M,-1.23%
2/7/2023,24.45,24.38,24.55,23.94,5.32M,-0.16%
2/6/2023,24.49,24.11,24.6,24,5.46M,0.29%
2/3/2023,24.42,24,24.56,23.87,5.55M,0.33%
2/2/2023,24.34,24.16,24.74,24.07,9.12M,2.35%
2/1/2023,23.78,23.19,23.93,23.15,5.05M,1.84%
1/31/2023,23.35,23.21,23.46,23.06,5.59M,1.39%
1/30/2023,23.03,23.25,23.5,23.03,4.90M,-2.17%
1/27/2023,23.54,23.92,23.99,23.35,7.50M,-1.63%
1/26/2023,23.93,24.32,24.49,23.24,8.08M,-1.77%
1/25/2023,24.36,24.15,24.42,23.89,6.21M,-0.73%
1/24/2023,24.54,24.28,24.89,24.27,6.63M,0.49%
1/23/2023,24.42,24.21,24.73,24.21,5.08M,0.74%
1/20/2023,24.24,24.13,24.32,23.66,3.76M,2.62%
1/19/2023,23.62,23.3,23.7,23.11,5.63M,0.00%
1/18/2023,23.62,24,24.2,23.53,7.60M,-1.21%
1/17/2023,23.91,25.03,25.12,23.86,10.90M,-0.50%
1/13/2023,24.03,23.23,24.08,23.14,6.22M,2.47%
1/12/2023,23.45,23.39,23.84,23.06,6.69M,0.21%
1/11/2023,23.4,23.25,23.85,22.99,8.66M,1.39%
1/10/2023,23.08,23.03,23.34,22.78,4.68M,-0.35%
1/9/2023,23.16,22.46,23.23,22.46,4.42M,4.00%
1/6/2023,22.27,21.94,22.48,21.73,3.52M,3.05%
1/5/2023,21.61,21.41,21.96,21.16,6.15M,0.14%
1/4/2023,21.58,21.79,22.08,21.36,2.83M,0.09%
1/3/2023,21.56,21.65,21.87,21.28,3.23M,0.47%
12/30/2022,21.46,21.19,21.49,21.04,1.84M,0.23%
12/29/2022,21.41,21.06,21.48,20.94,1.88M,2.39%
12/28/2022,20.91,21.44,21.46,20.91,1.88M,-2.56%
12/27/2022,21.46,21.47,21.63,21.32,1.72M,-0.09%
12/23/2022,21.48,21.5,21.67,21.2,2.01M,-0.51%
12/22/2022,21.59,21.57,21.62,21.18,2.56M,-1.10%
12/21/2022,21.83,21.58,21.99,21.43,2.83M,2.20%
12/20/2022,21.36,21.4,21.66,21.17,3.78M,-0.60%
12/19/2022,21.49,22.1,22.24,21.2,4.81M,-2.76%
12/16/2022,22.1,21.96,22.26,21.54,5.76M,-0.94%
12/15/2022,22.31,22.61,22.75,22.24,3.65M,-2.79%
12/14/2022,22.95,23.23,23.42,22.69,5.85M,-0.86%
12/13/2022,23.15,23.06,23.26,22.68,5.48M,2.66%
12/12/2022,22.55,22.35,22.61,22.17,4.17M,1.39%
12/9/2022,22.24,22.06,22.41,22.01,5.15M,0.91%
12/8/2022,22.04,21.66,22.25,21.66,4.87M,2.23%
12/7/2022,21.56,20.99,21.63,20.76,4.15M,1.84%
12/6/2022,21.17,21.26,21.4,20.88,3.90M,-0.42%
12/5/2022,21.26,21.53,21.7,21.2,2.32M,-2.30%
12/2/2022,21.76,21.51,22.08,21.34,2.54M,-0.50%
12/1/2022,21.87,22,22.21,21.68,4.06M,-0.50%
11/30/2022,21.98,20.6,21.98,20.52,5.43M,6.65%
11/29/2022,20.61,20.56,20.72,20.42,2.55M,0.29%
11/28/2022,20.55,20.5,20.76,20.41,2.77M,-1.15%
11/25/2022,20.79,20.61,21.02,20.6,1.25M,0.97%
11/23/2022,20.59,20.84,21.05,20.56,3.32M,-0.82%
11/22/2022,20.76,20.2,20.77,20.17,5.93M,3.33%
11/21/2022,20.09,20.37,20.5,19.86,2.59M,-0.69%
11/18/2022,20.23,19.77,20.24,19.59,3.72M,3.58%
11/17/2022,19.53,19.43,19.56,19.15,3.66M,-1.31%
11/16/2022,19.79,19.9,20.08,19.6,2.99M,-1.44%
11/15/2022,20.08,19.86,20.15,19.55,5.79M,2.87%
11/14/2022,19.52,20.01,20.18,19.39,7.06M,-2.69%
11/11/2022,20.06,20,20.5,19.92,6.36M,1.16%
11/10/2022,19.83,19.83,20,19.42,6.08M,3.99%
11/9/2022,19.07,19.5,19.94,18.92,4.56M,-2.75%
11/8/2022,19.61,19.44,19.96,19.3,3.77M,1.66%
11/7/2022,19.29,19.11,19.4,18.75,4.01M,0.94%
11/4/2022,19.11,19.51,19.59,18.72,3.74M,0.10%
11/3/2022,19.09,19.08,19.28,18.79,3.26M,-2.05%
11/2/2022,19.49,19.63,20.15,19.47,4.72M,-1.96%
11/1/2022,19.88,19.85,19.95,19.49,6.65M,1.53%
10/31/2022,19.58,19.52,19.78,19.4,4.49M,-0.71%
10/28/2022,19.72,19.08,19.85,19.01,5.51M,3.63%
10/27/2022,19.03,19.55,19.68,18.69,8.53M,2.98%
10/26/2022,18.48,18.4,18.91,18.35,6.49M,-0.54%
10/25/2022,18.58,18.16,18.99,18.14,5.44M,1.42%
10/24/2022,18.32,18.08,18.38,17.86,3.26M,2.00%
10/21/2022,17.96,17.42,18.04,17.25,3.25M,3.40%
10/20/2022,17.37,17.57,17.85,17.19,3.15M,-0.63%
10/19/2022,17.48,17.6,17.82,17.23,2.82M,-1.63%
10/18/2022,17.77,17.98,18.34,17.64,3.71M,2.01%
10/17/2022,17.42,17.28,17.58,17.11,3.84M,3.26%
10/14/2022,16.87,17.31,17.38,16.7,3.79M,-2.03%
10/13/2022,17.22,16.48,17.4,16.11,3.97M,2.07%
10/12/2022,16.87,16.87,17,16.72,2.44M,-0.35%
10/11/2022,16.93,17.27,17.45,16.74,2.80M,-2.53%
10/10/2022,17.37,17.7,17.83,17.16,1.83M,-2.03%
10/7/2022,17.73,17.79,17.96,17.59,3.28M,-2.10%
10/6/2022,18.11,18.18,18.59,17.98,4.46M,-0.82%
10/5/2022,18.26,17.89,18.37,17.75,3.66M,0.50%
10/4/2022,18.17,17.77,18.18,17.66,3.79M,5.21%
10/3/2022,17.27,16.75,17.38,16.63,4.62M,3.66%
9/30/2022,16.66,16.69,17.13,16.63,4.44M,-1.30%
9/29/2022,16.88,16.88,16.98,16.6,2.59M,-1.69%
9/28/2022,17.17,16.4,17.25,16.4,3.49M,3.37%
9/27/2022,16.61,16.61,16.93,16.31,5.03M,1.71%
9/26/2022,16.33,16.75,17.09,16.18,8.73M,-3.32%
9/23/2022,16.89,17.09,17.24,16.61,3.33M,-3.15%
9/22/2022,17.44,17.79,17.89,17.25,2.57M,-2.41%
9/21/2022,17.87,18.15,18.5,17.82,3.92M,-1.05%
9/20/2022,18.06,18.25,18.26,17.83,3.05M,-1.85%
9/19/2022,18.4,17.42,18.4,17.42,5.45M,3.72%
9/16/2022,17.74,17.62,17.87,17.49,3.83M,-1.77%
9/15/2022,18.06,18.21,18.6,17.93,3.59M,-1.69%
9/14/2022,18.37,18.36,18.43,18.07,2.46M,0.05%
9/13/2022,18.36,18.79,18.84,18.27,3.02M,-5.56%
9/12/2022,19.44,19.47,19.63,18.96,5.48M,0.41%
9/9/2022,19.36,19.19,19.55,19.08,5.49M,2.11%
9/8/2022,18.96,17.83,18.97,17.74,8.18M,5.10%
9/7/2022,18.04,17.24,18.09,17.17,5.82M,4.28%
9/6/2022,17.3,17.45,17.55,17.06,3.13M,-0.29%
9/2/2022,17.35,17.61,17.82,17.27,2.53M,-0.12%
9/1/2022,17.37,17.51,17.64,17.02,4.13M,-2.47%
8/31/2022,17.81,18.03,18.19,17.78,2.90M,-1.27%
8/30/2022,18.04,18.29,18.42,17.97,2.47M,-1.31%
8/29/2022,18.28,17.93,18.5,17.91,2.81M,0.72%
8/26/2022,18.15,18.73,18.85,18.13,2.26M,-3.15%
8/25/2022,18.74,18.31,18.75,18.3,2.50M,3.19%
8/24/2022,18.16,17.98,18.32,17.98,5.20M,-0.06%
8/23/2022,18.17,18.15,18.43,18.14,2.18M,0.11%
8/22/2022,18.15,18.05,18.41,17.91,2.78M,-2.21%
8/19/2022,18.56,19.07,19.19,18.47,4.12M,-4.53%
8/18/2022,19.44,18.54,19.54,18.5,5.50M,4.63%
8/17/2022,18.58,18.58,18.66,18.08,4.19M,-0.96%
8/16/2022,18.76,19.01,19.09,18.72,5.19M,-1.00%
8/15/2022,18.95,18.77,19.11,18.65,4.65M,0.53%
8/12/2022,18.85,18.71,19.38,18.71,6.47M,1.13%
8/11/2022,18.64,18.57,19.21,18.49,7.70M,1.08%
8/10/2022,18.44,17.25,18.51,17.25,9.68M,9.37%
8/9/2022,16.86,17.17,17.32,16.84,4.87M,-2.60%
8/8/2022,17.31,17.18,17.56,17.17,5.97M,0.87%
8/5/2022,17.16,16.89,17.25,16.72,3.10M,1.24%
8/4/2022,16.95,16.93,17.06,16.76,4.04M,0.65%
8/3/2022,16.84,16.64,16.92,16.4,2.85M,1.51%
8/2/2022,16.59,16.37,16.72,16.3,3.46M,-0.24%
8/1/2022,16.63,16.56,16.76,16.43,3.25M,-1.01%
7/29/2022,16.8,16.4,17.16,16.38,7.31M,2.38%
7/28/2022,16.41,16,16.59,15.62,10.50M,5.19%
7/27/2022,15.6,15.34,15.73,15.19,5.21M,2.63%
7/26/2022,15.2,15.07,15.3,14.93,4.50M,-0.20%
7/25/2022,15.23,15.27,15.37,15.13,2.67M,-0.13%
7/22/2022,15.25,15.6,15.66,15.06,3.72M,-2.49%
7/21/2022,15.64,15.37,15.66,15.28,2.55M,1.89%
7/20/2022,15.35,14.97,15.42,14.92,2.25M,1.79%
7/19/2022,15.08,14.66,15.13,14.52,3.79M,5.01%
7/18/2022,14.36,14.57,14.78,14.3,4.63M,-0.83%
7/15/2022,14.48,14.36,14.5,13.96,2.46M,2.33%
7/14/2022,14.15,14.19,14.22,13.74,3.48M,-1.05%
7/13/2022,14.3,14.14,14.4,14.01,3.10M,-1.24%
7/12/2022,14.48,14.34,14.74,14.3,3.16M,0.98%
7/11/2022,14.34,14.46,14.56,14.32,1.84M,-1.98%
7/8/2022,14.63,14.56,14.77,14.46,1.23M,0.00%
7/7/2022,14.63,14.51,14.77,14.32,1.95M,2.59%
7/6/2022,14.26,14.09,14.36,13.9,2.93M,0.71%
7/5/2022,14.16,13.96,14.19,13.63,3.45M,-0.63%
7/1/2022,14.25,14.29,14.58,13.97,2.32M,-1.52%
6/30/2022,14.47,14.51,14.78,14.24,2.87M,-1.43%
6/29/2022,14.68,15.08,15.27,14.53,2.87M,-2.78%
6/28/2022,15.1,15.72,15.87,15.04,2.88M,-2.89%
6/27/2022,15.55,15.35,15.73,15.27,3.21M,1.30%
6/24/2022,15.35,14.74,15.36,14.73,3.48M,5.28%
6/23/2022,14.58,14.63,14.69,14.35,2.88M,0.00%
6/22/2022,14.58,14.8,14.9,14.42,4.40M,-2.47%
6/21/2022,14.95,15.24,15.35,14.94,4.14M,-0.27%
6/17/2022,14.99,14.34,15.16,14.34,5.21M,3.45%
6/16/2022,14.49,15.24,15.43,14.05,6.30M,-8.35%
6/15/2022,15.81,15.6,15.99,15.41,3.94M,1.74%
6/14/2022,15.54,15.65,15.74,15.39,2.59M,0.00%
6/13/2022,15.54,15.82,15.91,15.47,3.92M,-5.07%
6/10/2022,16.37,16.51,16.66,16.18,4.05M,-2.85%
6/9/2022,16.85,16.78,17.14,16.74,3.81M,-0.59%
6/8/2022,16.95,17.15,17.26,16.91,2.85M,-2.02%
6/7/2022,17.3,17.09,17.39,17.09,3.92M,-0.46%
6/6/2022,17.38,17.45,18.29,17.28,8.05M,2.00%
6/3/2022,17.04,17.04,17.23,16.96,4.06M,-1.39%
6/2/2022,17.28,16.89,17.4,16.69,2.80M,2.55%
6/1/2022,16.85,16.91,17.04,16.6,3.97M,-1.29%
5/31/2022,17.07,17.1,17.22,16.9,3.68M,-0.47%
5/27/2022,17.15,16.68,17.17,16.65,3.48M,3.50%
5/26/2022,16.57,16.18,16.67,16.18,3.69M,2.86%
5/25/2022,16.11,15.45,16.11,15.36,5.44M,3.07%
5/24/2022,15.63,15.97,16.1,15.34,4.51M,-3.46%
5/23/2022,16.19,15.94,16.3,15.92,2.70M,2.47%
5/20/2022,15.8,16.3,16.4,15.43,3.47M,-1.80%
5/19/2022,16.09,15.94,16.27,15.91,3.87M,-0.86%
5/18/2022,16.23,16.8,16.86,16.18,4.46M,-3.39%
5/17/2022,16.8,16.48,16.95,16.47,4.38M,4.02%
5/16/2022,16.15,16.12,16.27,15.93,3.07M,-0.68%
5/13/2022,16.26,15.85,16.45,15.82,3.97M,3.63%
5/12/2022,15.69,15.85,15.94,15.32,5.10M,-2.00%
5/11/2022,16.01,16.5,17.04,15.97,3.92M,-3.61%
5/10/2022,16.61,16.56,16.9,16.04,4.50M,1.90%
5/9/2022,16.3,16.69,16.83,16.03,5.60M,-3.83%
5/6/2022,16.95,17.04,17.07,16.55,6.03M,-1.57%
5/5/2022,17.22,17.75,18.15,17.01,4.22M,-2.93%
5/4/2022,17.74,17.21,17.86,17.13,4.38M,2.78%
5/3/2022,17.26,16.68,17.42,16.53,3.99M,4.10%
5/2/2022,16.58,16.41,16.66,16.24,3.57M,0.55%
4/29/2022,16.49,16.68,17.15,16.44,2.94M,-2.48%
4/28/2022,16.91,16.41,17.1,16.26,3.04M,4.32%
4/27/2022,16.21,16.23,16.38,15.91,2.72M,0.12%
4/26/2022,16.19,16.68,16.68,16.15,2.47M,-3.63%
4/25/2022,16.8,16.49,16.84,16.33,4.24M,1.63%
4/22/2022,16.53,17.11,17.11,16.43,4.22M,-3.95%
4/21/2022,17.21,17.67,17.85,17.16,4.36M,-2.33%
4/20/2022,17.62,17.42,17.75,17.28,3.62M,2.44%
4/19/2022,17.2,16.88,17.32,16.88,3.33M,1.65%
4/18/2022,16.92,16.97,17.25,16.81,2.20M,-0.94%
4/14/2022,17.08,17,17.36,16.93,4.02M,0.06%
4/13/2022,17.07,16.69,17.07,16.56,3.39M,2.52%
4/12/2022,16.65,16.59,16.96,16.55,4.69M,0.48%
4/11/2022,16.57,16.68,17.05,16.54,3.59M,-1.72%
4/8/2022,16.86,16.98,17.25,16.82,2.74M,-1.58%
4/7/2022,17.13,17.11,17.32,16.97,3.76M,-0.35%
4/6/2022,17.19,17.53,17.6,17.03,4.53M,-3.43%
4/5/2022,17.8,18.01,18.57,17.74,5.00M,-2.31%
4/4/2022,18.22,18.44,18.69,18.15,5.20M,-1.57%
4/1/2022,18.51,18.52,18.73,18.25,4.71M,-0.22%
3/31/2022,18.55,17.81,19.3,17.61,20.28M,6.79%
3/30/2022,17.37,17.65,17.8,17.32,2.12M,-1.92%
3/29/2022,17.71,17.47,17.81,17.3,2.54M,2.43%
3/28/2022,17.29,17.27,17.31,16.96,2.29M,-0.06%
3/25/2022,17.3,17.19,17.51,17,6.23M,0.46%
3/24/2022,17.22,17.07,17.24,16.86,3.06M,1.29%
3/23/2022,17,17.11,17.44,16.99,4.65M,-1.79%
3/22/2022,17.31,17.42,17.57,17.29,4.22M,0.46%
3/21/2022,17.23,17.16,17.29,17.04,3.14M,0.94%
3/18/2022,17.07,16.47,17.11,16.38,3.25M,0.83%
3/17/2022,16.93,16.7,17.02,16.6,3.51M,0.89%
3/16/2022,16.78,16.34,16.91,16.34,4.84M,4.88%
3/15/2022,16,15.86,16.09,15.76,2.42M,1.65%
3/14/2022,15.74,16,16.16,15.5,2.94M,-1.25%
3/11/2022,15.94,16.1,16.27,15.86,1.63M,-0.25%
3/10/2022,15.98,15.75,16.01,15.67,1.61M,-0.37%
3/9/2022,16.04,15.7,16.19,15.52,2.70M,4.63%
3/8/2022,15.33,15.11,15.73,14.88,4.62M,1.93%
3/7/2022,15.04,15.72,15.83,15.02,3.56M,-4.87%
3/4/2022,15.81,16.2,16.27,15.59,3.77M,-4.12%
3/3/2022,16.49,16.63,16.75,16.32,2.90M,-0.66%
3/2/2022,16.6,15.88,16.66,15.83,5.12M,5.46%
3/1/2022,15.74,16.41,16.53,15.62,5.94M,-4.55%
2/28/2022,16.49,16.43,16.65,16.35,3.31M,-1.61%
2/25/2022,16.76,16.62,16.91,16.37,2.62M,0.96%
2/24/2022,16.6,15.77,16.66,15.76,5.27M,1.47%
2/23/2022,16.36,16.81,16.96,16.26,4.47M,-1.92%
2/22/2022,16.68,16.88,17.26,16.53,3.11M,-2.23%
2/18/2022,17.06,17.14,17.34,16.93,3.34M,-0.76%
2/17/2022,17.19,17.25,17.36,17.05,2.52M,-1.83%
2/16/2022,17.51,17.48,17.57,17.18,3.46M,-0.06%
2/15/2022,17.52,17.21,17.54,17.19,4.46M,3.06%
2/14/2022,17,17.05,17.3,16.87,4.20M,-0.41%
2/11/2022,17.07,17.5,17.66,16.97,2.83M,-2.46%
2/10/2022,17.5,17.45,18,17.39,4.76M,-1.19%
2/9/2022,17.71,17.35,17.76,17.32,2.99M,2.97%
2/8/2022,17.2,17.02,17.39,16.95,12.71M,1.00%
2/7/2022,17.03,17.26,17.48,16.99,4.85M,-1.05%
2/4/2022,17.21,17.44,17.64,17.02,7.68M,-1.43%
2/3/2022,17.46,17.59,18.15,16.77,15.25M,4.24%
2/2/2022,16.75,16.44,16.81,16.29,5.76M,2.26%
2/1/2022,16.38,16.29,16.56,16,5.58M,1.24%
1/31/2022,16.18,16.06,16.31,15.98,6.88M,0.50%
1/28/2022,16.1,15.66,16.13,15.53,5.90M,2.61%
1/27/2022,15.69,16.62,16.67,15.57,12.93M,-0.44%
1/26/2022,15.76,16.34,16.47,15.56,10.28M,-1.19%
1/25/2022,15.95,16.08,16.1,15.68,7.59M,-2.63%
1/24/2022,16.38,15.98,16.4,15.46,4.27M,-0.18%
1/21/2022,16.41,16.69,16.78,16.16,5.00M,-1.38%
1/20/2022,16.64,16.96,17.6,16.6,4.77M,-1.83%
1/19/2022,16.95,17.59,17.96,16.88,5.67M,-4.24%
1/18/2022,17.7,18.05,18.3,17.57,4.31M,-3.12%
1/14/2022,18.27,17.85,18.35,17.7,2.93M,1.27%
1/13/2022,18.04,18.47,18.53,17.99,3.92M,-1.37%
1/12/2022,18.29,18.45,18.55,18.05,1.67M,-0.05%
1/11/2022,18.3,17.91,18.36,17.89,2.08M,2.23%
1/10/2022,17.9,17.36,17.93,17.04,3.88M,2.52%
1/7/2022,17.46,17.9,18.2,17.35,3.58M,-2.02%
1/6/2022,17.82,18,18.17,17.73,4.62M,-1.16%
1/5/2022,18.03,18.76,18.88,18.02,4.10M,-3.43%
1/4/2022,18.67,18.83,18.99,18.64,3.89M,0.48%
1/3/2022,18.58,18.41,18.81,18.41,2.53M,1.36%
12/31/2021,18.33,18.39,18.58,18.31,1.50M,-0.33%
12/30/2021,18.39,18.29,18.64,18.27,1.92M,0.22%
12/29/2021,18.35,18.19,18.51,18.1,1.70M,0.82%
12/28/2021,18.2,18.32,18.36,18.08,1.49M,0.00%
12/27/2021,18.2,17.85,18.28,17.72,2.54M,2.42%
12/23/2021,17.77,17.73,17.94,17.69,1.56M,1.08%
12/22/2021,17.58,17.54,17.63,17.31,2.55M,0.57%
12/21/2021,17.48,17.17,17.58,17.16,2.97M,2.88%
12/20/2021,16.99,16.43,17.02,16.43,4.60M,-0.88%
12/17/2021,17.14,16.7,17.28,16.36,4.15M,2.45%
12/16/2021,16.73,17.1,17.33,16.67,5.91M,0.72%
12/15/2021,16.61,16.73,16.81,16.21,6.15M,-0.66%
12/14/2021,16.72,16.76,17.07,16.64,2.17M,-1.18%
12/13/2021,16.92,17.28,17.28,16.73,3.48M,-2.14%
12/10/2021,17.29,17.5,17.58,17.13,2.03M,0.41%
12/9/2021,17.22,17.34,17.52,17.21,2.20M,-1.26%
12/8/2021,17.44,17.62,17.9,17.42,2.88M,-1.36%
12/7/2021,17.68,17.31,17.92,17.28,2.89M,4.18%
12/6/2021,16.97,16.85,17.15,16.6,2.23M,1.86%
12/3/2021,16.66,17.2,17.59,16.54,5.28M,-4.03%
12/2/2021,17.36,16.6,17.5,16.6,3.77M,4.20%
12/1/2021,16.66,17.53,17.61,16.65,5.27M,-2.57%
11/30/2021,17.1,17.32,17.41,16.8,4.51M,-2.45%
11/29/2021,17.53,17.84,17.84,17.28,2.18M,-0.17%
11/26/2021,17.56,17.32,17.85,17.1,5.22M,-2.28%
11/24/2021,17.97,17.64,18.05,17.64,2.72M,0.84%
11/23/2021,17.82,17.61,17.98,17.48,6.15M,1.08%
11/22/2021,17.63,17.78,18.01,17.61,8.58M,-0.84%
11/19/2021,17.78,18.39,18.5,17.74,7.32M,-4.25%
11/18/2021,18.57,19.4,19.47,18.49,3.89M,-4.28%
11/17/2021,19.4,19.28,19.5,19.02,2.63M,0.88%
11/16/2021,19.23,18.91,19.28,18.76,2.36M,1.42%
11/15/2021,18.96,19.07,19.32,18.92,3.96M,-0.11%
11/12/2021,18.98,18.28,19.16,18.24,3.70M,3.83%
11/11/2021,18.28,17.48,18.35,17.48,2.30M,2.58%
11/10/2021,17.82,17.63,17.85,17.52,3.47M,0.34%
11/9/2021,17.76,17.9,18.05,17.61,2.42M,-0.89%
11/8/2021,17.92,18.16,18.48,17.92,2.48M,-1.65%
11/5/2021,18.22,18.08,18.44,18.03,4.03M,1.79%
11/4/2021,17.9,17.85,18.08,17.81,5.52M,0.39%
11/3/2021,17.83,17.62,18,17.61,13.60M,1.31%
11/2/2021,17.6,17.71,17.99,17.59,4.50M,-0.34%
11/1/2021,17.66,16.95,17.92,16.95,7.68M,4.50%
10/29/2021,16.9,17.02,17.1,16.72,7.98M,-1.40%
10/28/2021,17.14,17.02,17.7,16.95,12.08M,-6.24%
10/27/2021,18.28,18.7,18.83,18.27,4.28M,-2.35%
10/26/2021,18.72,19.1,19.13,18.6,2.02M,-1.16%
10/25/2021,18.94,18.73,19.05,18.73,4.31M,1.45%
10/22/2021,18.67,18.88,19.08,18.62,2.30M,-1.53%
10/21/2021,18.96,18.69,18.97,18.67,2.54M,0.80%
10/20/2021,18.81,19.06,19.08,18.76,1.94M,-1.31%
10/19/2021,19.06,19.21,19.25,19.03,1.51M,0.00%
10/18/2021,19.06,19.05,19.21,18.94,1.53M,0.11%
10/15/2021,19.04,19.1,19.37,19,2.17M,0.32%
10/14/2021,18.98,18.56,19.11,18.5,2.36M,3.83%
10/13/2021,18.28,18.39,18.5,18.17,1.07M,-0.60%
10/12/2021,18.39,18.78,18.83,18.33,1.52M,-1.08%
10/11/2021,18.59,18.73,19.03,18.57,2.63M,-0.80%
10/8/2021,18.74,18.71,18.83,18.53,1.75M,0.70%
10/7/2021,18.61,18.36,18.8,18.33,2.23M,3.22%
10/6/2021,18.03,17.64,18.05,17.33,4.55M,0.95%
10/5/2021,17.86,17.96,18.12,17.82,2.65M,0.17%
10/4/2021,17.83,17.96,18.21,17.75,2.07M,-2.19%
10/1/2021,18.23,17.71,18.45,17.67,3.47M,3.11%
9/30/2021,17.68,17.96,18.23,17.63,2.33M,-1.83%
9/29/2021,18.01,18.56,18.88,17.8,3.37M,-3.02%
9/28/2021,18.57,18.69,18.96,18.47,3.61M,-1.85%
9/27/2021,18.92,18.98,19.24,18.9,2.83M,-0.63%
9/24/2021,19.04,18.63,19.11,18.59,2.53M,1.60%
9/23/2021,18.74,18.51,18.98,18.49,2.09M,1.96%
9/22/2021,18.38,17.97,18.54,17.77,2.90M,3.78%
9/21/2021,17.71,17.88,18.02,17.59,2.09M,-0.39%
9/20/2021,17.78,17.97,17.97,17.5,3.68M,-3.16%
9/17/2021,18.36,18.71,18.85,18.11,4.41M,-2.44%
9/16/2021,18.82,19.02,19.15,18.82,1.99M,-1.10%
9/15/2021,19.03,18.55,19.08,18.47,2.92M,2.53%
9/14/2021,18.56,18.64,19.23,18.53,5.39M,0.27%
9/13/2021,18.51,18.34,18.53,18.25,3.09M,1.98%
9/10/2021,18.15,18.28,18.55,18.11,1.80M,0.22%
9/9/2021,18.11,18.3,18.5,18.1,2.64M,-1.36%
9/8/2021,18.36,18.99,19.06,18.32,3.34M,-3.57%
9/7/2021,19.04,19.19,19.3,19.03,2.47M,-0.78%
9/3/2021,19.19,19,19.36,19,3.38M,0.84%
9/2/2021,19.03,18.7,19.08,18.66,3.22M,2.37%
9/1/2021,18.59,18.68,18.8,18.5,2.90M,0.05%
8/31/2021,18.58,18.79,18.93,18.53,2.26M,-0.85%
8/30/2021,18.74,18.81,18.93,18.72,1.75M,0.11%
8/27/2021,18.72,18.25,18.84,18.24,2.10M,2.91%
8/26/2021,18.19,18.25,18.42,18.12,1.56M,-0.38%
8/25/2021,18.26,18,18.37,18,1.76M,1.11%
8/24/2021,18.06,17.81,18.19,17.21,2.29M,1.63%
8/23/2021,17.77,17.78,17.94,17.6,2.91M,0.40%
8/20/2021,17.7,17.54,17.74,17.5,3.13M,0.91%
8/19/2021,17.54,17.48,17.67,17.42,2.87M,-1.07%
8/18/2021,17.73,17.8,18.17,17.73,2.75M,-0.56%
8/17/2021,17.83,18.16,18.27,17.8,5.56M,-2.67%
8/16/2021,18.32,18.21,18.39,18.12,3.77M,0.60%
8/13/2021,18.21,18.05,18.29,18,3.33M,0.61%
8/12/2021,18.1,18.18,18.23,17.99,3.18M,-0.39%
8/11/2021,18.17,18.17,18.18,17.95,2.49M,0.55%
8/10/2021,18.07,18,18.25,18,2.66M,0.11%
8/9/2021,18.05,17.98,18.17,17.84,3.97M,1.46%
8/6/2021,17.79,17.57,17.97,17.53,3.61M,1.37%
8/5/2021,17.55,17.75,17.97,17.52,3.34M,-0.62%
8/4/2021,17.66,17.64,17.75,17.44,5.05M,-0.39%
8/3/2021,17.73,17.91,17.91,17.46,3.06M,-0.56%
8/2/2021,17.83,18.1,18.5,17.83,4.02M,-0.78%
7/30/2021,17.97,17.43,18.02,17.43,7.50M,2.69%
7/29/2021,17.5,17.4,18,16.6,7.97M,3.18%
7/28/2021,16.96,16.44,17.14,16.44,3.69M,2.91%
7/27/2021,16.48,16.64,16.84,16.26,4.81M,-1.32%
7/26/2021,16.7,16.6,16.8,16.59,1.93M,0.36%
7/23/2021,16.64,16.13,16.7,16.13,1.94M,2.02%
7/22/2021,16.31,16.47,16.52,16.28,1.61M,-1.57%
7/21/2021,16.57,16.38,16.64,16.18,1.82M,3.18%
7/20/2021,16.06,15.7,16.21,15.68,7.70M,2.03%
7/19/2021,15.74,15.89,16.04,15.51,5.04M,-3.38%
7/16/2021,16.29,16.83,16.92,16.29,2.24M,-2.75%
7/15/2021,16.75,17.04,17.12,16.69,2.01M,-2.45%
7/14/2021,17.17,17.38,17.61,17.14,1.77M,-0.23%
7/13/2021,17.21,17.31,17.36,17.11,1.80M,-1.21%
7/12/2021,17.42,17.36,17.53,17.29,1.25M,0.11%
7/9/2021,17.4,17.13,17.46,17.13,1.40M,2.47%
7/8/2021,16.98,16.96,17.19,16.6,1.86M,-2.02%
7/7/2021,17.33,17.35,17.53,17.08,1.41M,0.06%
7/6/2021,17.32,17.89,17.89,17.16,2.08M,-3.08%
7/2/2021,17.87,17.87,17.99,17.65,1.66M,0.51%
7/1/2021,17.78,17.9,18,17.66,2.13M,-0.50%
6/30/2021,17.87,17.98,18.02,17.7,1.77M,-1.22%
6/29/2021,18.09,17.99,18.16,17.81,1.61M,1.23%
6/28/2021,17.87,18,18.19,17.76,2.26M,-0.67%
6/25/2021,17.99,17.65,18.04,17.54,4.18M,2.45%
6/24/2021,17.56,17.22,17.61,17.22,2.08M,2.27%
6/23/2021,17.17,17.2,17.35,17.15,1.64M,0.29%
6/22/2021,17.12,16.97,17.17,16.8,3.39M,-0.35%
6/21/2021,17.18,16.91,17.25,16.85,2.44M,2.14%
6/18/2021,16.82,17.15,17.4,16.79,7.77M,-4.05%
6/17/2021,17.53,17.65,17.78,17.2,2.89M,-1.18%
6/16/2021,17.74,17.9,17.98,17.57,2.56M,-1.39%
6/15/2021,17.99,18.23,18.29,17.92,2.09M,-1.53%
6/14/2021,18.27,18.44,18.54,18.16,1.69M,-1.19%
6/11/2021,18.49,18.69,18.73,18.44,1.72M,-0.22%
6/10/2021,18.53,18.27,18.61,18.24,2.35M,1.70%
6/9/2021,18.22,18.58,18.59,18.21,2.10M,-1.88%
6/8/2021,18.57,18.87,18.87,18.48,1.82M,-1.59%
6/7/2021,18.87,19.07,19.07,18.82,2.41M,-0.42%
6/4/2021,18.95,18.77,18.95,18.62,2.93M,1.83%
6/3/2021,18.61,18.31,18.74,18.31,2.44M,0.27%
6/2/2021,18.56,18.4,18.58,18.28,3.46M,0.87%
6/1/2021,18.4,18.4,18.5,18.24,2.27M,0.71%
5/28/2021,18.27,18.44,18.44,18.16,2.27M,-0.60%
5/27/2021,18.38,18.26,18.43,18.15,2.84M,1.66%
5/26/2021,18.08,17.81,18.13,17.75,4.58M,1.80%
5/25/2021,17.76,18.17,18.2,17.72,4.79M,-1.88%
5/24/2021,18.1,18.19,18.38,18.09,3.77M,0.56%
5/21/2021,18,17.97,18.29,17.92,4.31M,0.50%
5/20/2021,17.91,17.98,18.17,17.61,4.90M,0.51%
5/19/2021,17.82,17.2,17.92,16.9,4.73M,2.30%
5/18/2021,17.42,17.56,17.72,17.41,6.28M,-0.46%
5/17/2021,17.5,17.11,17.65,17.08,5.06M,-0.14%
5/14/2021,17.52,17.57,17.66,17.23,4.01M,0.60%
5/13/2021,17.42,16.86,17.53,16.86,6.22M,4.19%
5/12/2021,16.72,16.88,17.79,16.67,11.63M,-8.31%
5/11/2021,18.24,17.97,18.28,17.65,5.87M,-0.63%
5/10/2021,18.35,18.65,18.77,18.22,5.96M,-1.82%
5/7/2021,18.69,18.3,18.93,18.18,5.56M,2.52%
5/6/2021,18.23,18.17,18.24,17.31,5.46M,3.23%
5/5/2021,17.66,17.6,18.2,17.35,8.53M,4.00%
5/4/2021,16.98,17.26,17.4,16.77,4.76M,-2.69%
5/3/2021,17.45,17.7,18.06,17.44,3.27M,0.29%
4/30/2021,17.4,17.83,17.83,17.32,3.02M,-3.23%
4/29/2021,17.98,18.3,18.33,17.58,4.74M,-1.32%
4/28/2021,18.22,18.85,19.07,18.17,5.73M,-0.76%
4/27/2021,18.36,18.22,18.41,18.16,2.34M,0.33%
4/26/2021,18.3,18.46,18.5,18.29,2.31M,0.16%
4/23/2021,18.27,18,18.45,17.94,3.01M,1.16%
4/22/2021,18.06,18.27,18.47,18,2.67M,-0.71%
4/21/2021,18.19,17.8,18.3,17.74,4.26M,1.65%
4/20/2021,17.9,18.28,18.33,17.7,4.81M,-2.64%
4/19/2021,18.38,18.4,18.7,18.15,3.29M,-0.97%
4/16/2021,18.56,18.52,18.75,18.4,4.13M,0.87%
4/15/2021,18.4,18.25,18.56,18.12,5.19M,1.71%
4/14/2021,18.09,18.14,18.51,18.08,3.88M,-0.33%
4/13/2021,18.15,18.38,18.49,18.07,2.74M,-1.36%
4/12/2021,18.4,18.18,18.41,18.04,4.81M,0.49%
4/9/2021,18.31,18.49,18.49,18.17,3.28M,-0.44%
4/8/2021,18.39,18.43,18.55,18.32,2.33M,0.46%
4/7/2021,18.31,18.59,18.63,18.26,2.65M,-1.11%
4/6/2021,18.51,18.32,18.63,18.31,3.06M,1.09%
4/5/2021,18.31,18.6,18.69,18.3,3.46M,-0.22%
4/1/2021,18.35,18.49,18.83,18.12,5.18M,0.22%
3/31/2021,18.31,17.91,18.5,17.91,3.45M,2.75%
3/30/2021,17.82,17.12,17.9,17.12,4.09M,3.85%
3/29/2021,17.16,17.34,17.73,17.1,3.54M,-1.94%
3/26/2021,17.5,17.31,17.58,17.05,6.11M,1.33%
3/25/2021,17.27,16.65,17.34,16.5,4.28M,2.49%
3/24/2021,16.85,17.11,17.55,16.81,5.47M,-0.88%
3/23/2021,17,17.74,18.12,16.85,3.43M,-4.44%
3/22/2021,17.79,17.73,18.01,17.43,3.51M,1.95%
3/19/2021,17.45,17.37,17.84,17.18,4.97M,0.46%
3/18/2021,17.37,17.79,18.09,17.33,2.91M,-3.45%
3/17/2021,17.99,17.9,18.13,17.54,5.57M,-0.72%
3/16/2021,18.12,18.44,18.53,18.03,4.43M,-0.49%
3/15/2021,18.21,18.2,18.23,17.87,3.26M,0.55%
3/12/2021,18.11,17.96,18.14,17.91,1.94M,-0.93%
3/11/2021,18.28,17.89,18.45,17.77,4.63M,3.92%
3/10/2021,17.59,17.27,17.77,17.21,9.13M,2.60%
3/9/2021,17.15,16.76,17.51,16.76,5.47M,4.54%
3/8/2021,16.4,16.78,17.22,16.38,5.00M,-2.55%
3/5/2021,16.83,17.54,17.74,16,11.12M,-2.15%
3/4/2021,17.2,17.84,18.29,16.89,5.87M,-3.91%
3/3/2021,17.9,18.33,18.61,17.84,4.99M,-2.66%
3/2/2021,18.39,18.88,19.05,18.37,3.63M,-3.26%
3/1/2021,19.01,18.7,19.03,18.64,3.12M,4.51%
2/26/2021,18.19,18.2,18.54,17.71,4.67M,2.19%
2/25/2021,17.8,18.68,18.69,17.78,4.92M,-4.76%
2/24/2021,18.69,18.38,18.81,18.14,3.22M,2.69%
2/23/2021,18.2,18.1,18.48,17.42,3.78M,-1.62%
2/22/2021,18.5,18.76,18.98,18.46,3.96M,-2.53%
2/19/2021,18.98,19.24,19.41,18.95,5.17M,-0.21%
2/18/2021,19.02,19.22,19.52,18.83,3.92M,-2.16%
2/17/2021,19.44,20,20,19.18,3.84M,-2.07%
2/16/2021,19.85,19.78,20.03,19.59,5.84M,1.53%
2/12/2021,19.55,19.01,19.85,18.99,4.58M,1.77%
2/11/2021,19.21,18.86,19.28,18.58,3.97M,3.11%
2/10/2021,18.63,19.32,19.46,18.38,6.97M,-2.66%
2/9/2021,19.14,19.6,19.76,18.92,5.63M,-2.10%
2/8/2021,19.55,18.9,19.84,18.75,6.44M,4.32%
2/5/2021,18.74,19.09,19.24,18.7,3.61M,-0.79%
2/4/2021,18.89,18.55,18.94,18.34,4.17M,2.72%
2/3/2021,18.39,18.54,18.9,18.23,3.90M,-0.76%
2/2/2021,18.53,18.64,18.72,18.07,5.38M,1.81%
2/1/2021,18.2,17.99,18.25,17.42,5.96M,3.17%
1/29/2021,17.64,18.63,18.71,17.37,9.35M,-4.49%
1/28/2021,18.47,19.91,20,17.39,11.87M,6.76%
1/27/2021,17.3,18.15,18.16,16.74,11.03M,-6.64%
1/26/2021,18.53,19.37,19.44,18.49,5.91M,-3.77%
1/25/2021,19.25,19.71,20.04,18.78,6.92M,-1.51%
1/22/2021,19.55,18.77,19.69,18.77,5.33M,0.88%
1/21/2021,19.38,18.68,19.67,18.59,9.19M,4.81%
1/20/2021,18.49,18.52,18.79,18.34,4.70M,1.37%
1/19/2021,18.24,18.46,18.89,18.13,6.08M,0.61%
1/15/2021,18.13,18.63,18.96,17.89,7.18M,-3.41%
1/14/2021,18.77,18.75,19.07,18.65,8.31M,1.08%
1/13/2021,18.57,18.22,19.1,18.13,9.03M,0.38%
1/12/2021,18.5,18.75,18.8,18.33,5.93M,-0.70%
1/11/2021,18.63,18.57,19.02,18.52,5.57M,-1.79%
1/8/2021,18.97,19.44,19.44,18.66,4.52M,-1.51%
1/7/2021,19.26,18.84,19.54,18.84,5.34M,3.16%
1/6/2021,18.67,18.12,19.12,18.01,10.62M,4.77%
1/5/2021,17.82,17.87,18.18,17.82,4.65M,-0.34%
1/4/2021,17.88,18.21,18.26,17.48,4.47M,-0.56%
12/31/2020,17.98,18,18.16,17.9,1.92M,0.06%
12/30/2020,17.97,17.73,18.06,17.73,1.83M,2.28%
12/29/2020,17.57,18.12,18.26,17.4,2.56M,-2.39%
12/28/2020,18,18.3,18.48,17.93,2.85M,-0.88%
12/24/2020,18.16,18.34,18.34,17.94,755.80K,-0.44%
12/23/2020,18.24,18.09,18.36,18.06,4.27M,1.33%
12/22/2020,18,18,18.09,17.78,4.38M,1.07%
12/21/2020,17.81,17.25,17.86,17.15,4.93M,0.17%
12/18/2020,17.78,17.08,17.98,17.07,10.44M,-0.17%
12/17/2020,17.81,17.36,17.95,17.35,4.83M,4.34%
12/16/2020,17.07,17.3,17.3,16.86,2.79M,-0.99%
12/15/2020,17.24,17.05,17.3,16.89,3.66M,2.25%
12/14/2020,16.86,16.69,16.99,16.54,5.73M,2.74%
12/11/2020,16.41,16.29,16.58,16.25,3.82M,-0.15%
12/10/2020,16.43,16.18,16.51,15.97,3.54M,1.01%
12/9/2020,16.27,16.64,16.83,16.22,4.92M,-2.05%
12/8/2020,16.61,16.56,16.9,16.55,2.66M,-1.01%
12/7/2020,16.78,16.87,16.87,16.67,1.50M,-0.42%
12/4/2020,16.85,16.76,17.02,16.75,2.27M,1.02%
12/3/2020,16.68,16.84,16.87,16.65,4.24M,-0.77%
12/2/2020,16.81,16.54,16.86,16.48,2.44M,0.60%
12/1/2020,16.71,16.55,16.76,16.42,3.61M,2.96%
11/30/2020,16.23,16.02,16.71,16.02,4.52M,-1.87%
11/27/2020,16.54,16.74,16.85,16.49,2.76M,-1.14%
11/25/2020,16.73,16.91,16.98,16.59,2.36M,-1.59%
11/24/2020,17,16.86,17,16.53,3.67M,2.84%
11/23/2020,16.53,16.68,16.78,16.46,2.86M,0.18%
11/20/2020,16.5,16.48,16.66,16.36,3.10M,0.49%
11/19/2020,16.42,16.25,16.52,16.15,3.83M,0.24%
11/18/2020,16.38,16.32,16.76,16.31,4.80M,0.74%
11/17/2020,16.26,16.05,16.48,15.95,3.25M,0.12%
11/16/2020,16.24,16.07,16.44,15.98,3.19M,2.14%
11/13/2020,15.9,15.4,15.98,15.37,4.19M,4.74%
11/12/2020,15.18,15.67,15.67,15.07,3.71M,-3.00%
11/11/2020,15.65,15.39,15.68,15.25,2.44M,2.76%
11/10/2020,15.23,15.33,15.42,14.96,3.00M,-0.52%
11/9/2020,15.31,15.69,16.43,15.31,4.26M,-0.97%
11/6/2020,15.46,14.88,15.49,14.72,6.64M,4.39%
11/5/2020,14.81,14.58,14.93,14.56,3.88M,2.88%
11/4/2020,14.4,14.21,14.46,13.6,5.86M,1.73%
11/3/2020,14.15,14.02,14.36,13.87,4.56M,2.83%
11/2/2020,13.76,14.31,14.53,13.72,5.02M,-2.76%
10/30/2020,14.15,15.02,15.2,13.88,12.62M,3.36%
10/29/2020,13.69,13.33,13.76,13.26,6.19M,2.78%
10/28/2020,13.32,13.45,13.71,13.08,5.62M,-3.83%
10/27/2020,13.85,14.06,14.14,13.84,3.55M,-1.74%
10/26/2020,14.1,14.36,14.52,13.88,6.83M,-3.59%
10/23/2020,14.62,14.34,14.69,14.05,8.58M,3.91%
10/22/2020,14.07,14.16,14.3,13.99,7.63M,-0.99%
10/21/2020,14.21,14.71,14.75,14.07,9.69M,-1.93%
10/20/2020,14.49,14.71,15.61,14.48,11.73M,-0.69%
10/19/2020,14.59,14.17,15.28,14.11,13.02M,3.26%
10/16/2020,14.13,14.04,14.95,13.96,21.89M,12.41%
10/15/2020,12.57,11.86,12.61,11.86,4.42M,3.97%
10/14/2020,12.09,12.13,12.25,12,3.12M,-0.08%
10/13/2020,12.1,12.28,12.31,12.07,1.28M,-1.79%
10/12/2020,12.32,12.28,12.36,12.17,1.77M,1.48%
10/9/2020,12.14,12.36,12.44,12.12,1.12M,-0.41%
10/8/2020,12.19,12.09,12.26,12.02,1.33M,1.58%
10/7/2020,12,11.95,12.19,11.83,2.35M,1.78%
10/6/2020,11.79,11.65,12.15,11.56,2.88M,1.55%
10/5/2020,11.61,11.34,11.65,11.34,2.91M,3.94%
10/2/2020,11.17,11.09,11.32,11.05,1.95M,-1.85%
10/1/2020,11.38,11.25,11.49,11.23,3.76M,2.15%
9/30/2020,11.14,10.88,11.16,10.88,2.91M,2.30%
9/29/2020,10.89,10.9,11,10.85,1.80M,-0.37%
9/28/2020,10.93,10.77,11.06,10.72,2.77M,3.80%
9/25/2020,10.53,10.65,10.74,10.5,3.38M,-1.86%
9/24/2020,10.73,10.39,10.93,10.35,6.73M,3.07%
9/23/2020,10.41,10.77,10.95,10.38,2.16M,-3.16%
9/22/2020,10.75,10.61,10.88,10.61,2.09M,1.42%
9/21/2020,10.6,10.78,10.87,10.43,3.55M,-5.19%
9/18/2020,11.18,11.21,11.32,11,3.64M,0.27%
9/17/2020,11.15,10.9,11.15,10.64,2.69M,0.00%
9/16/2020,11.15,11.16,11.28,11.1,3.27M,0.81%
9/15/2020,11.06,10.82,11.13,10.8,3.75M,3.36%
9/14/2020,10.7,10.34,10.75,10.24,4.23M,4.90%
9/11/2020,10.2,10.34,10.4,10.11,1.67M,-0.10%
9/10/2020,10.21,10.48,10.64,10.15,3.28M,-2.02%
9/9/2020,10.42,10.2,10.46,10.07,3.60M,3.99%
9/8/2020,10.02,10.46,10.48,10.01,3.47M,-6.18%
9/4/2020,10.68,11.02,11.1,10.5,2.12M,-2.64%
9/3/2020,10.97,11.08,11.26,10.79,4.37M,-3.52%
9/2/2020,11.37,10.93,11.39,10.8,4.05M,4.70%
9/1/2020,10.86,10.85,10.99,10.65,3.12M,0.00%
8/31/2020,10.86,10.8,10.9,10.66,5.24M,0.00%
8/28/2020,10.86,10.61,10.87,10.51,2.56M,2.94%
8/27/2020,10.55,10.7,10.74,10.38,3.46M,-1.36%
8/26/2020,10.69,10.59,10.7,10.45,3.12M,1.28%
8/25/2020,10.56,10.69,10.76,10.47,1.93M,-1.31%
8/24/2020,10.7,10.71,10.93,10.59,3.59M,0.80%
8/21/2020,10.61,10.5,10.68,10.5,1.48M,0.24%
8/20/2020,10.59,10.8,10.91,10.54,1.84M,-2.93%
8/19/2020,10.91,10.94,11.04,10.86,1.73M,0.00%
8/18/2020,10.91,11.16,11.18,10.84,3.22M,-2.94%
8/17/2020,11.24,11.34,11.41,11.21,1.29M,-0.27%
8/14/2020,11.27,11.41,11.43,11.15,1.69M,-1.57%
8/13/2020,11.45,11.48,11.63,11.43,1.73M,-1.29%
8/12/2020,11.6,11.67,11.76,11.49,1.96M,0.17%
8/11/2020,11.58,11.68,11.77,11.5,2.28M,1.05%
8/10/2020,11.46,11.6,11.77,11.38,3.03M,-1.72%
8/7/2020,11.66,11.6,11.8,11.5,3.78M,-0.85%
8/6/2020,11.76,11.85,11.92,11.72,5.03M,-1.34%
8/5/2020,11.92,11.38,11.93,11.36,5.92M,4.75%
8/4/2020,11.38,11.4,11.43,11.28,2.46M,-0.78%
8/3/2020,11.47,11.57,11.76,11.41,3.39M,-0.17%
7/31/2020,11.49,11.92,12.14,11.07,7.71M,-1.37%
7/30/2020,11.65,11.04,11.69,11.02,7.15M,5.33%
7/29/2020,11.06,10.77,11.07,10.73,2.39M,2.69%
7/28/2020,10.77,11.03,11.11,10.75,2.56M,-2.53%
7/27/2020,11.05,10.67,11.1,10.65,2.34M,3.76%
7/24/2020,10.65,10.91,10.91,10.63,2.27M,-3.09%
7/23/2020,10.99,10.85,11.01,10.77,3.33M,1.48%
7/22/2020,10.83,10.81,10.9,10.72,2.10M,0.56%
7/21/2020,10.77,10.92,11.08,10.75,2.13M,-0.74%
7/20/2020,10.85,10.93,10.93,10.69,2.36M,-1.18%
7/17/2020,10.98,10.94,11.04,10.8,2.91M,1.01%
7/16/2020,10.87,10.82,11,10.78,3.01M,-0.37%
7/15/2020,10.91,10.43,10.94,10.34,4.89M,6.75%
7/14/2020,10.22,9.96,10.26,9.83,3.41M,2.10%
7/13/2020,10.01,10.06,10.34,10.01,4.72M,1.21%
7/10/2020,9.89,9.83,9.92,9.74,2.67M,0.71%
7/9/2020,9.82,9.88,9.95,9.53,2.59M,-0.61%
7/8/2020,9.88,9.89,9.98,9.72,2.54M,-0.10%
7/7/2020,9.89,10.1,10.11,9.85,4.16M,-3.04%
7/6/2020,10.2,10.19,10.26,10.06,2.24M,2.51%
7/2/2020,9.95,10.22,10.35,9.9,3.72M,-0.80%
7/1/2020,10.03,10.38,10.38,10.01,4.21M,-2.15%
6/30/2020,10.25,10.14,10.39,10.11,6.44M,0.20%
6/29/2020,10.23,10.06,10.29,9.92,3.69M,3.02%
6/26/2020,9.93,10.16,10.24,9.89,2.23M,-3.50%
6/25/2020,10.29,10.17,10.32,10.12,5.14M,0.19%
6/24/2020,10.27,10.51,10.51,10.11,13.52M,-3.48%
6/23/2020,10.64,10.63,10.77,10.46,3.57M,1.96%
6/22/2020,10.44,10.52,10.58,10.33,4.52M,-1.28%
6/19/2020,10.57,10.72,10.99,10.4,5.75M,0.48%
6/18/2020,10.52,10.36,10.62,10.36,3.39M,-0.28%
6/17/2020,10.55,10.6,10.65,10.34,4.55M,-0.47%
6/16/2020,10.6,10.86,10.95,10.43,4.34M,2.12%
6/15/2020,10.38,10.02,10.52,9.89,5.05M,-0.19%
6/12/2020,10.4,10.56,10.67,10.09,4.67M,2.92%
6/11/2020,10.1,10.55,10.72,10.01,4.63M,-8.72%
6/10/2020,11.07,11.96,11.96,11.05,6.63M,-6.90%
6/9/2020,11.89,11.37,12.05,11.29,7.92M,0.51%
6/8/2020,11.83,11.98,12.07,11.71,5.33M,0.85%
6/5/2020,11.73,11.38,11.85,11.38,7.48M,6.25%
6/4/2020,11.04,11,11.18,10.76,6.25M,1.66%
6/3/2020,10.86,10.46,10.88,10.46,8.35M,4.02%
6/2/2020,10.44,10.31,10.47,10.15,5.97M,2.15%
6/1/2020,10.22,9.79,10.4,9.7,12.51M,5.25%
5/29/2020,9.71,9.7,9.89,9.48,32.38M,-2.22%
5/28/2020,9.93,10.12,10.17,9.69,7.59M,-2.07%
5/27/2020,10.14,10.15,10.26,9.9,5.23M,1.50%
5/26/2020,9.99,10.06,10.33,9.95,4.70M,3.95%
5/22/2020,9.61,9.77,9.92,9.5,4.58M,-2.14%
5/21/2020,9.82,10.18,10.26,9.79,3.80M,-3.82%
5/20/2020,10.21,10.06,10.45,10.06,4.40M,2.41%
5/19/2020,9.97,10.1,10.26,9.93,4.86M,-2.54%
5/18/2020,10.23,9.77,10.35,9.77,6.32M,10.12%
5/15/2020,9.29,9.13,9.33,8.99,4.60M,0.00%
5/14/2020,9.29,9.04,9.32,8.71,5.63M,0.98%
5/13/2020,9.2,9.5,9.63,8.76,7.58M,-5.25%
5/12/2020,9.71,9.98,10.01,9.7,3.91M,-1.72%
5/11/2020,9.88,9.8,10.13,9.53,4.58M,-1.30%
5/8/2020,10.01,9.99,10.55,9.68,6.28M,7.63%
5/7/2020,9.3,9.03,9.35,8.98,6.45M,5.08%
5/6/2020,8.85,8.86,9.1,8.77,6.74M,-0.67%
5/5/2020,8.91,9.03,9.19,8.91,2.94M,0.34%
5/4/2020,8.88,8.95,9.07,8.72,4.38M,-1.33%
5/1/2020,9,9.45,9.45,8.96,3.69M,-7.79%
4/30/2020,9.76,9.66,9.83,9.41,5.10M,-0.61%
4/29/2020,9.82,9.51,9.94,9.28,5.03M,7.79%
4/28/2020,9.11,9.11,9.31,8.87,4.18M,3.41%
4/27/2020,8.81,8.16,8.87,8.14,4.77M,8.77%
4/24/2020,8.1,8.01,8.16,7.91,4.14M,2.14%
4/23/2020,7.93,7.85,8.07,7.84,3.65M,2.72%
4/22/2020,7.72,7.73,7.85,7.5,2.99M,3.07%
4/21/2020,7.49,7.51,7.69,7.36,9.52M,-3.85%
4/20/2020,7.79,7.9,8.03,7.7,4.57M,-4.59%
4/17/2020,8.16,8.25,8.42,7.99,4.89M,2.83%
4/16/2020,7.94,7.97,8.03,7.55,11.01M,-0.87%
4/15/2020,8.01,8.1,8.4,7.81,3.97M,-5.88%
4/14/2020,8.51,8.8,8.99,8.44,6.41M,-1.50%
4/13/2020,8.64,8.7,9.06,8.41,2.53M,-1.93%
4/9/2020,8.81,9.07,9.27,8.65,5.24M,-0.56%
4/8/2020,8.86,8.68,8.96,8.58,4.57M,2.37%
4/7/2020,8.65,9.26,9.64,8.59,4.82M,-1.54%
4/6/2020,8.79,8.05,8.84,7.95,5.55M,16.89%
4/3/2020,7.52,7.93,8.12,7.45,6.85M,-5.17%
4/2/2020,7.93,7.83,8.23,7.78,5.65M,0.89%
4/1/2020,7.86,7.9,8.09,7.78,4.22M,-6.15%
3/31/2020,8.38,8.41,8.77,8.25,5.72M,-0.30%
3/30/2020,8.4,8.11,8.47,8,6.89M,4.35%
3/27/2020,8.05,8.74,8.74,8.01,6.34M,-9.24%
3/26/2020,8.87,8.45,9.4,8.34,7.49M,5.47%
3/25/2020,8.41,7.86,8.92,7.55,7.70M,9.79%
3/24/2020,7.66,7.25,7.83,7.25,5.31M,14.84%
3/23/2020,6.67,6.51,6.97,6.47,5.17M,0.15%
3/20/2020,6.66,7.71,7.92,6.42,10.67M,-8.14%
3/19/2020,7.25,5.98,7.66,5.79,8.67M,23.30%
3/18/2020,5.88,6.08,6.15,5.36,9.38M,-10.64%
3/17/2020,6.58,6.68,7.05,5.9,11.37M,0.30%
3/16/2020,6.56,6.7,7.13,6.49,7.52M,-19.51%
3/13/2020,8.15,8.47,8.85,7.6,6.78M,1.12%
3/12/2020,8.06,8.53,8.82,7.93,6.54M,-14.07%
3/11/2020,9.38,9.87,10.04,9.29,6.38M,-8.04%
3/10/2020,10.2,9.82,10.23,9.65,6.02M,8.40%
3/9/2020,9.41,9.79,9.96,9.41,4.41M,-11.97%
3/6/2020,10.69,10.57,11.06,10.49,3.70M,-2.82%
3/5/2020,11,11.25,11.44,10.88,6.77M,-5.42%
3/4/2020,11.63,11.59,11.78,11.37,4.74M,2.29%
3/3/2020,11.37,11.83,12.1,11.24,6.21M,-2.90%
3/2/2020,11.71,11.26,11.72,11.03,4.10M,5.40%
2/28/2020,11.11,10.87,11.23,10.76,7.19M,-2.46%
2/27/2020,11.39,11.57,11.85,11.37,8.32M,-4.85%
2/26/2020,11.97,12.46,12.66,11.95,5.75M,-3.00%
2/25/2020,12.34,12.85,12.92,12.3,4.91M,-3.14%
2/24/2020,12.74,12.59,13.01,12.55,5.27M,-3.78%
2/21/2020,13.24,13.67,13.67,13.15,4.80M,-4.20%
2/20/2020,13.82,13.3,13.88,13.22,5.90M,3.60%
2/19/2020,13.34,13.24,13.46,13.24,3.56M,0.98%
2/18/2020,13.21,13.4,13.53,13.14,3.41M,-2.72%
2/14/2020,13.58,13.62,13.7,13.49,2.96M,-0.44%
2/13/2020,13.64,13.62,13.74,13.46,2.74M,-0.51%
2/12/2020,13.71,13.53,13.8,13.39,4.39M,2.31%
2/11/2020,13.4,13.11,13.49,13.03,5.02M,3.00%
2/10/2020,13.01,13.11,13.21,12.83,3.75M,-1.51%
2/7/2020,13.21,13.4,13.41,13.12,4.27M,-2.58%
2/6/2020,13.56,13.6,13.73,13.39,4.74M,0.15%
2/5/2020,13.54,13.5,13.61,13.19,8.55M,1.80%
2/4/2020,13.3,13.1,13.38,12.99,4.65M,3.58%
2/3/2020,12.84,13.29,13.52,12.69,6.64M,-2.36%
1/31/2020,13.15,14,14,12.5,17.07M,1.62%
1/30/2020,12.94,12.93,13.06,12.56,6.51M,-1.15%
1/29/2020,13.09,13.24,13.33,12.94,5.81M,0.08%
1/28/2020,13.08,13.01,13.22,12.83,3.84M,1.95%
1/27/2020,12.83,13.06,13.2,12.76,4.31M,-4.68%
1/24/2020,13.46,13.64,13.76,13.37,3.20M,-0.52%
1/23/2020,13.53,13.22,13.56,13.02,2.80M,1.58%
1/22/2020,13.32,13.49,13.55,13.23,3.17M,-0.97%
1/21/2020,13.45,13.48,13.61,13.38,4.41M,-0.74%
1/17/2020,13.55,13.54,13.64,13.38,4.77M,1.04%
1/16/2020,13.41,13.44,13.47,13.29,3.34M,0.00%
1/15/2020,13.41,13.35,13.43,13.16,3.34M,0.30%
1/14/2020,13.37,13.17,13.43,13.07,5.59M,1.36%
1/13/2020,13.19,12.66,13.22,12.65,4.60M,4.35%
1/10/2020,12.64,12.69,12.76,12.6,2.50M,0.00%
1/9/2020,12.64,12.7,12.75,12.49,2.41M,-0.16%
1/8/2020,12.66,12.49,12.72,12.42,2.91M,1.04%
1/7/2020,12.53,12.36,12.6,12.35,2.84M,1.70%
1/6/2020,12.32,12.38,12.47,12.25,2.41M,-1.83%
1/3/2020,12.55,12.55,12.64,12.42,2.48M,-1.80%
1/2/2020,12.78,12.77,12.79,12.61,4.48M,1.27%
12/31/2019,12.62,12.59,12.72,12.56,1.30M,0.00%
12/30/2019,12.62,12.69,12.74,12.56,2.05M,-0.47%
12/27/2019,12.68,12.84,12.86,12.66,1.05M,-1.25%
12/26/2019,12.84,12.79,12.87,12.65,1.58M,0.47%
12/24/2019,12.78,12.78,12.82,12.69,957.31K,0.24%
12/23/2019,12.75,12.71,12.76,12.56,2.99M,0.95%
12/20/2019,12.63,12.85,12.85,12.54,5.33M,-1.33%
12/19/2019,12.8,12.67,12.85,12.67,4.59M,0.71%
12/18/2019,12.71,12.66,12.83,12.59,4.88M,0.47%
12/17/2019,12.65,12.5,12.7,12.45,4.11M,1.69%
12/16/2019,12.44,12.07,12.49,12.06,5.81M,3.67%
12/13/2019,12,12,12.25,11.94,3.45M,-0.08%
12/12/2019,12.01,11.53,12.03,11.48,5.02M,4.07%
12/11/2019,11.54,11.24,11.55,11.18,3.71M,2.67%
12/10/2019,11.24,11.19,11.33,11.13,2.51M,0.54%
12/9/2019,11.18,11.4,11.51,11.17,2.48M,-2.36%
12/6/2019,11.45,11.1,11.55,11.1,11.03M,4.19%
12/5/2019,10.99,11.46,11.51,10.98,7.05M,-3.93%
12/4/2019,11.44,11.49,11.72,11.4,7.17M,0.70%
12/3/2019,11.36,11.47,11.53,11.3,7.97M,-2.49%
12/2/2019,11.65,11.87,11.95,11.61,3.05M,-1.85%
11/29/2019,11.87,11.99,12.03,11.85,952.60K,-1.98%
11/27/2019,12.11,12.01,12.13,11.93,2.52M,1.42%
11/26/2019,11.94,12.02,12.05,11.89,5.23M,-0.83%
11/25/2019,12.04,11.83,12.05,11.77,3.12M,2.21%
11/22/2019,11.78,11.74,11.85,11.67,2.15M,0.60%
11/21/2019,11.71,11.78,11.79,11.59,2.45M,-0.93%
11/20/2019,11.82,11.87,11.93,11.66,3.16M,-1.01%
11/19/2019,11.94,12.11,12.11,11.86,3.44M,-0.33%
11/18/2019,11.98,12.15,12.15,11.94,3.11M,-1.64%
11/15/2019,12.18,12.07,12.24,11.98,3.39M,2.01%
11/14/2019,11.94,12.22,12.3,11.88,5.66M,-3.24%
11/13/2019,12.34,11.83,12.38,11.71,6.40M,3.35%
11/12/2019,11.94,11.8,12.16,11.76,4.49M,0.93%
11/11/2019,11.83,11.74,11.96,11.5,6.17M,-0.08%
11/8/2019,11.84,11.77,11.85,11.68,2.77M,0.08%
11/7/2019,11.83,11.86,11.97,11.72,3.09M,1.02%
11/6/2019,11.71,11.83,11.95,11.6,5.53M,-0.68%
11/5/2019,11.79,12.14,12.27,11.21,10.81M,-3.04%
11/4/2019,12.16,12.3,12.38,12.04,5.99M,-0.73%
11/1/2019,12.25,11.82,12.26,11.76,6.16M,4.26%
10/31/2019,11.75,11.89,11.89,11.55,5.74M,-1.34%
10/30/2019,11.91,11.74,11.98,11.66,6.68M,0.76%
10/29/2019,11.82,11.66,12,11.66,10.30M,0.77%
10/28/2019,11.73,11.76,11.98,11.49,8.04M,1.03%
10/25/2019,11.61,10.5,11.65,10.22,15.27M,11.74%
10/24/2019,10.39,10.31,10.47,10.21,9.92M,1.37%
10/23/2019,10.25,10.48,10.51,10.14,11.57M,-2.01%
10/22/2019,10.46,10.41,10.66,10.32,5.21M,0.29%
10/21/2019,10.43,10.06,10.57,10.01,6.12M,4.61%
10/18/2019,9.97,10.11,10.16,9.89,2.70M,-1.48%
10/17/2019,10.12,10.18,10.23,10.01,2.90M,-0.49%
10/16/2019,10.17,10.03,10.23,10.01,5.97M,1.50%
10/15/2019,10.02,9.77,10.11,9.77,4.23M,2.35%
10/14/2019,9.79,9.83,9.87,9.73,1.76M,-0.31%
10/11/2019,9.82,9.74,10.1,9.65,6.48M,2.19%
10/10/2019,9.61,9.59,9.83,9.54,3.87M,0.73%
10/9/2019,9.54,9.44,9.57,9.35,5.26M,2.03%
10/8/2019,9.35,9.84,9.9,9.33,6.73M,-6.12%
10/7/2019,9.96,9.86,10.12,9.86,3.41M,0.10%
10/4/2019,9.95,9.97,9.98,9.8,5.66M,0.71%
10/3/2019,9.88,10.07,10.11,9.74,4.82M,-1.98%
10/2/2019,10.08,10.21,10.24,10,7.80M,-2.51%
10/1/2019,10.34,10.57,10.66,10.26,3.69M,-1.15%
9/30/2019,10.46,10.44,10.52,10.37,3.59M,0.77%
9/27/2019,10.38,10.48,10.56,10.33,2.71M,-1.14%
9/26/2019,10.5,10.53,10.55,10.41,3.24M,-0.19%
9/25/2019,10.52,10.22,10.59,10.22,3.65M,2.94%
9/24/2019,10.22,10.65,10.8,10.21,4.87M,-2.85%
9/23/2019,10.52,10.43,10.58,10.37,2.47M,0.38%
9/20/2019,10.48,10.69,10.74,10.45,2.59M,-1.78%
9/19/2019,10.67,10.72,10.77,10.61,2.48M,-0.28%
9/18/2019,10.7,10.72,10.86,10.54,2.76M,-0.28%
9/17/2019,10.73,10.63,10.8,10.59,3.81M,-0.65%
9/16/2019,10.8,10.77,10.93,10.72,1.77M,-0.55%
9/13/2019,10.86,10.98,11.02,10.84,2.12M,-0.55%
9/12/2019,10.92,10.77,11.07,10.58,4.73M,1.20%
9/11/2019,10.79,10.84,10.89,10.65,3.42M,-0.46%
9/10/2019,10.84,10.53,10.88,10.46,3.62M,2.75%
9/9/2019,10.55,10.25,10.6,10.21,4.09M,3.13%
9/6/2019,10.23,10.42,10.45,10.21,5.82M,-1.45%
9/5/2019,10.38,10,10.4,9.96,4.09M,5.81%
9/4/2019,9.81,9.62,9.83,9.56,4.85M,3.15%
9/3/2019,9.51,9.54,9.62,9.41,3.33M,-1.25%
8/30/2019,9.63,9.73,9.76,9.55,2.86M,0.52%
8/29/2019,9.58,9.46,9.65,9.43,3.17M,3.46%
8/28/2019,9.26,9.06,9.29,8.98,4.69M,1.65%
8/27/2019,9.11,9.57,9.57,9.06,5.40M,-4.00%
8/26/2019,9.49,9.89,9.89,9.44,5.38M,-2.27%
8/23/2019,9.71,10.11,10.16,9.67,4.05M,-5.36%
8/22/2019,10.26,10.06,10.32,10.01,5.40M,2.70%
8/21/2019,9.99,10.11,10.12,9.93,3.76M,0.50%
8/20/2019,9.94,9.95,10.11,9.82,3.79M,-0.80%
8/19/2019,10.02,10.13,10.26,9.98,5.98M,0.30%
8/16/2019,9.99,9.79,10.06,9.79,3.37M,3.20%
8/15/2019,9.68,9.93,9.98,9.65,3.47M,-2.32%
8/14/2019,9.91,10.13,10.26,9.87,5.35M,-4.89%
8/13/2019,10.42,10.24,10.62,10.21,3.69M,2.16%
8/12/2019,10.2,10.31,10.4,10.15,2.56M,-1.83%
8/9/2019,10.39,10.41,10.52,10.22,4.61M,-1.33%
8/8/2019,10.53,10.55,10.69,10.49,3.37M,0.57%
8/7/2019,10.47,10.22,10.51,10.16,5.41M,0.58%
8/6/2019,10.41,10.48,10.56,10.21,4.12M,0.87%
8/5/2019,10.32,10.4,10.51,10.25,4.79M,-3.91%
8/2/2019,10.74,10.87,11.02,10.56,4.15M,-1.83%
8/1/2019,10.94,11.13,11.53,10.72,10.76M,-1.88%
7/31/2019,11.15,11.44,11.5,10.94,8.57M,-2.71%
7/30/2019,11.46,11.18,11.49,11.09,5.11M,1.51%
7/29/2019,11.29,11.22,11.33,11.12,6.21M,0.27%
7/26/2019,11.26,10.6,11.33,10.5,14.48M,13.28%
7/25/2019,9.94,10.15,10.21,9.65,8.63M,-3.59%
7/24/2019,10.31,10.07,10.33,10.05,4.91M,2.08%
7/23/2019,10.1,10.05,10.15,9.94,3.33M,1.20%
7/22/2019,9.98,9.85,10.02,9.83,5.09M,2.04%
7/19/2019,9.78,9.87,9.97,9.76,3.09M,-0.71%
7/18/2019,9.85,9.73,9.91,9.61,4.85M,1.13%
7/17/2019,9.74,9.61,9.82,9.53,6.17M,0.93%
7/16/2019,9.65,9.72,9.78,9.63,3.31M,-1.03%
7/15/2019,9.75,9.9,9.96,9.69,2.98M,-1.52%
7/12/2019,9.9,9.61,9.92,9.61,3.35M,3.34%
7/11/2019,9.58,9.72,9.72,9.52,3.34M,-1.34%
7/10/2019,9.71,9.75,9.8,9.66,2.83M,-0.10%
7/9/2019,9.72,9.64,9.79,9.63,2.68M,0.10%
7/8/2019,9.71,9.65,9.86,9.64,3.67M,-0.92%
7/5/2019,9.8,9.68,9.82,9.59,5.48M,0.20%
7/3/2019,9.78,9.59,9.84,9.56,3.53M,2.30%
7/2/2019,9.56,9.72,9.76,9.45,7.69M,-2.15%
7/1/2019,9.77,10,10.04,9.74,7.78M,2.09%
6/28/2019,9.57,9.5,9.61,9.39,8.61M,1.38%
6/27/2019,9.44,9.51,9.58,9.41,5.07M,-0.53%
6/26/2019,9.49,9.46,9.58,9.42,3.66M,1.93%
6/25/2019,9.31,9.4,9.53,9.24,7.10M,-1.06%
6/24/2019,9.41,9.39,9.48,9.34,3.89M,-0.21%
6/21/2019,9.43,9.5,9.51,9.36,4.34M,-1.26%
6/20/2019,9.55,9.52,9.68,9.45,4.86M,2.25%
6/19/2019,9.34,9.2,9.51,9.2,6.31M,2.41%
6/18/2019,9.12,8.97,9.31,8.97,7.75M,2.59%
6/17/2019,8.89,9.05,9.06,8.88,8.07M,-1.66%
6/14/2019,9.04,9.31,9.35,9.01,7.10M,-4.03%
6/13/2019,9.42,9.44,9.51,9.34,6.53M,0.11%
6/12/2019,9.41,9.51,9.56,9.34,4.80M,-1.98%
6/11/2019,9.6,9.76,9.82,9.47,4.95M,-0.52%
6/10/2019,9.65,9.59,9.81,9.52,5.20M,1.47%
6/7/2019,9.51,9.66,9.79,9.49,7.72M,-1.25%
6/6/2019,9.63,9.86,9.86,9.45,9.58M,2.99%
6/5/2019,9.35,9.64,9.64,9.2,10.37M,-2.09%
6/4/2019,9.55,9.22,9.55,9.17,5.22M,5.52%
6/3/2019,9.05,8.92,9.27,8.82,5.23M,1.23%
5/31/2019,8.94,9.01,9.29,8.87,8.88M,-3.66%
5/30/2019,9.28,9.25,9.41,9.2,5.61M,0.32%
5/29/2019,9.25,9.3,9.4,9.07,6.48M,0.22%
5/28/2019,9.23,9.3,9.35,9.12,8.94M,-0.43%
5/24/2019,9.27,9.55,9.6,9.25,7.63M,-2.11%
5/23/2019,9.47,9.57,9.58,9.37,5.97M,-2.57%
5/22/2019,9.72,9.87,10.01,9.7,10.29M,-2.41%
5/21/2019,9.96,9.96,10.21,9.92,9.87M,1.01%
5/20/2019,9.86,10.11,10.18,9.81,8.75M,-4.36%
5/17/2019,10.31,10.33,10.57,10.3,4.51M,-2.00%
5/16/2019,10.52,10.54,10.8,10.38,8.50M,-0.85%
5/15/2019,10.61,10.32,10.8,10.22,8.64M,2.02%
5/14/2019,10.4,10.07,10.41,10.07,5.78M,4.21%
5/13/2019,9.98,10.19,10.27,9.95,8.16M,-4.68%
5/10/2019,10.47,10.32,10.57,10.14,6.39M,0.67%
5/9/2019,10.4,10.39,10.53,9.94,11.49M,-1.98%
5/8/2019,10.61,10.95,10.98,10.59,8.40M,-3.19%
5/7/2019,10.96,11.07,11.17,10.84,8.85M,-2.58%
5/6/2019,11.25,10.99,11.31,10.88,4.76M,-0.53%
5/3/2019,11.31,11.4,11.41,11.24,5.12M,0.00%
5/2/2019,11.31,11.37,11.55,11.19,7.28M,-1.05%
5/1/2019,11.43,11.48,12.54,11.35,11.16M,3.53%
4/30/2019,11.04,10.84,11.05,10.68,5.59M,2.22%
4/29/2019,10.8,10.68,11,10.64,5.40M,0.37%
4/26/2019,10.76,10.76,10.91,10.51,5.73M,-0.19%
4/25/2019,10.78,11.22,11.27,10.77,10.27M,-4.60%
4/24/2019,11.3,11.33,11.37,11.21,3.39M,-0.53%
4/23/2019,11.36,11.1,11.44,11.09,5.74M,2.34%
4/22/2019,11.1,11.15,11.17,11.02,2.41M,-0.98%
4/18/2019,11.21,11.18,11.34,11.08,5.69M,0.00%
4/17/2019,11.21,11.49,11.54,11.18,4.77M,-2.27%
4/16/2019,11.47,11.29,11.49,11.25,5.33M,1.87%
4/15/2019,11.26,11.32,11.41,11.16,4.57M,-1.05%
4/12/2019,11.38,11.29,11.42,11.21,4.28M,1.70%
4/11/2019,11.19,11.12,11.2,11.05,3.46M,0.99%
4/10/2019,11.08,10.87,11.09,10.81,4.36M,1.84%
4/9/2019,10.88,10.73,10.89,10.6,4.44M,0.65%
4/8/2019,10.81,10.9,10.93,10.75,3.04M,-1.10%
4/5/2019,10.93,10.85,10.95,10.78,2.64M,0.83%
4/4/2019,10.84,10.54,10.86,10.5,4.78M,3.14%
4/3/2019,10.51,10.5,10.72,10.46,4.08M,0.96%
4/2/2019,10.41,10.35,10.53,10.28,5.63M,0.68%
4/1/2019,10.34,10.11,10.37,10.09,3.66M,3.40%
3/29/2019,10,9.85,10.1,9.84,4.59M,2.15%
3/28/2019,9.79,9.93,10.08,9.7,5.73M,-1.11%
3/27/2019,9.9,10.03,10.13,9.82,5.41M,-0.90%
3/26/2019,9.99,10.01,10.19,9.94,4.08M,0.10%
3/25/2019,9.98,10.19,10.26,9.92,6.57M,-2.06%
3/22/2019,10.19,10.52,10.57,10.16,7.64M,-3.78%
3/21/2019,10.59,10.37,10.64,10.37,3.23M,2.02%
3/20/2019,10.38,10.43,10.51,10.3,3.13M,-0.95%
3/19/2019,10.48,10.35,10.56,10.35,4.38M,1.45%
3/18/2019,10.33,10.3,10.41,10.24,3.92M,0.19%
3/15/2019,10.31,10,10.47,9.99,9.37M,3.31%
3/14/2019,9.98,10.19,10.21,9.91,4.78M,-1.58%
3/13/2019,10.14,10.12,10.31,10.12,3.72M,0.90%
3/12/2019,10.05,10.18,10.26,10.03,5.77M,-0.89%
3/11/2019,10.14,9.99,10.19,9.99,5.02M,2.22%
3/8/2019,9.92,9.91,10.15,9.87,11.31M,-1.20%
3/7/2019,10.04,10.21,10.27,10,5.37M,-2.24%
3/6/2019,10.27,10.27,10.39,10.22,6.07M,-0.29%
3/5/2019,10.3,10.42,10.49,10.28,4.67M,-1.15%
3/4/2019,10.42,10.46,10.55,10.24,6.27M,0.00%
3/1/2019,10.42,10.58,10.63,10.41,5.58M,-1.14%
2/28/2019,10.54,10.46,10.61,10.41,4.44M,-0.09%
2/27/2019,10.55,10.65,10.72,10.46,4.03M,-1.03%
2/26/2019,10.66,10.64,10.78,10.6,6.60M,0.00%
2/25/2019,10.66,10.69,10.8,10.63,4.95M,0.47%
2/22/2019,10.61,10.46,10.64,10.38,5.39M,2.02%
2/21/2019,10.4,10.39,10.61,10.39,8.39M,0.00%
2/20/2019,10.4,10.39,10.56,10.38,11.89M,0.00%
2/19/2019,10.4,10.24,10.4,10.12,5.07M,1.46%
2/15/2019,10.25,10.27,10.28,10.11,6.02M,0.20%
2/14/2019,10.23,10.2,10.28,10.12,4.15M,-0.10%
2/13/2019,10.24,10.23,10.34,10.1,5.58M,0.29%
2/12/2019,10.21,10.25,10.37,10.11,9.83M,1.19%
2/11/2019,10.09,9.56,10.17,9.52,15.66M,4.78%
2/8/2019,9.63,9.61,9.77,9.49,4.66M,-0.41%
2/7/2019,9.67,9.69,9.73,9.45,9.79M,-0.62%
2/6/2019,9.73,9.41,9.77,9.36,18.26M,2.85%
2/5/2019,9.46,9.41,9.49,9.3,6.21M,0.42%
2/4/2019,9.42,9.44,9.53,9.28,7.30M,0.21%
2/1/2019,9.4,9.67,9.72,9.34,19.82M,-2.29%
1/31/2019,9.62,10.55,10.57,9.46,17.41M,4.23%
1/30/2019,9.23,8.98,9.34,8.82,12.18M,4.06%
1/29/2019,8.87,9.07,9.23,8.78,7.49M,1.72%
1/28/2019,8.72,8.6,8.83,8.6,6.04M,-0.68%
1/25/2019,8.78,8.67,8.84,8.55,5.67M,2.81%
1/24/2019,8.54,8.15,8.59,8.15,5.93M,4.91%
1/23/2019,8.14,8.25,8.33,7.99,8.18M,-0.37%
1/22/2019,8.17,8.12,8.28,7.93,8.66M,0.37%
1/18/2019,8.14,8,8.18,7.95,9.17M,2.26%
1/17/2019,7.96,7.87,8,7.79,5.75M,0.38%
1/16/2019,7.93,7.9,8.05,7.9,3.74M,0.00%
1/15/2019,7.93,7.95,8,7.82,7.49M,-0.38%
1/14/2019,7.96,8.01,8.02,7.86,4.45M,-1.00%
1/11/2019,8.04,7.96,8.11,7.89,6.53M,0.75%
1/10/2019,7.98,8,8.08,7.91,10.36M,-0.50%
1/9/2019,8.02,7.85,8.12,7.71,10.40M,2.95%
1/8/2019,7.79,8.01,8.14,7.76,11.42M,-1.89%
1/7/2019,7.94,7.85,8.05,7.75,3.66M,1.66%
1/4/2019,7.81,7.61,7.89,7.61,5.10M,3.86%
1/3/2019,7.52,7.79,7.8,7.35,7.40M,-4.69%
1/2/2019,7.89,7.32,7.98,7.32,9.31M,3.68%
12/31/2018,7.61,7.63,7.72,7.4,5.56M,-0.13%
12/28/2018,7.62,7.69,7.78,7.47,4.64M,-0.78%
12/27/2018,7.68,7.5,7.69,7.39,7.74M,1.32%
12/26/2018,7.58,7.35,7.59,7.17,5.12M,3.69%
12/24/2018,7.31,7.34,7.51,7.16,2.61M,-1.75%
12/21/2018,7.44,7.51,7.63,7.32,10.01M,-0.67%
12/20/2018,7.49,7.43,7.58,7.35,5.83M,0.27%
12/19/2018,7.47,7.65,7.84,7.43,7.60M,-1.84%
12/18/2018,7.61,7.71,7.84,7.48,11.62M,-0.26%
12/17/2018,7.63,7.68,7.94,7.47,10.30M,-1.29%
12/14/2018,7.73,7.75,7.95,7.72,6.28M,-1.65%
12/13/2018,7.86,8.17,8.23,7.76,6.29M,-3.91%
12/12/2018,8.18,8.31,8.42,8.18,4.54M,1.36%
12/11/2018,8.07,8.4,8.47,8.03,7.06M,-1.71%
12/10/2018,8.21,8.42,8.52,8.09,7.61M,-2.38%
12/7/2018,8.41,8.4,8.53,8.16,9.73M,-0.71%
12/6/2018,8.47,8.34,8.48,8.2,5.37M,0.59%
12/4/2018,8.42,8.78,8.91,8.38,7.17M,-5.07%
12/3/2018,8.87,8.83,8.98,8.68,6.21M,1.37%
11/30/2018,8.75,8.48,8.76,8.48,6.83M,2.34%
11/29/2018,8.55,8.59,8.69,8.4,4.59M,-0.93%
11/28/2018,8.63,8.55,8.66,8.23,7.19M,1.53%
11/27/2018,8.5,8.28,8.51,8.21,10.05M,1.19%
11/26/2018,8.4,8.34,8.4,8.16,7.26M,1.82%
11/23/2018,8.25,7.98,8.31,7.98,2.35M,1.48%
11/21/2018,8.13,8.1,8.22,8.04,5.15M,0.99%
11/20/2018,8.05,7.9,8.12,7.86,10.88M,-0.12%
11/19/2018,8.06,8.25,8.28,7.89,11.53M,-2.30%
11/16/2018,8.25,8.15,8.36,8.01,7.77M,0.86%
11/15/2018,8.18,7.87,8.28,7.85,8.33M,2.76%
11/14/2018,7.96,7.9,8.12,7.82,12.82M,1.92%
11/13/2018,7.81,7.9,8.27,7.75,14.90M,-1.51%
11/12/2018,7.93,8.22,8.24,7.92,9.16M,-3.53%
11/9/2018,8.22,8.42,8.5,8.11,14.94M,-4.08%
11/8/2018,8.57,8.76,8.88,8.55,7.09M,-1.72%
11/7/2018,8.72,8.58,8.74,8.26,6.78M,1.87%
11/6/2018,8.56,8.57,8.81,8.51,6.91M,-0.23%
11/5/2018,8.58,8.66,8.76,8.47,6.57M,-1.15%
11/2/2018,8.68,8.73,8.75,8.32,10.04M,1.05%
11/1/2018,8.59,7.88,8.66,7.88,14.02M,9.29%
10/31/2018,7.86,7.72,8.03,7.7,15.71M,2.08%
10/30/2018,7.7,6.89,7.7,6.89,17.43M,10.95%
10/29/2018,6.94,7.32,7.46,6.74,31.17M,-2.12%
10/26/2018,7.09,7.58,8.02,7.04,70.53M,-35.01%
10/25/2018,10.91,11.01,11.12,10.89,7.58M,0.09%
10/24/2018,10.9,11.57,11.66,10.88,5.25M,-5.95%
10/23/2018,11.59,11.57,11.76,11.3,9.86M,-1.28%
10/22/2018,11.74,11.93,12,11.72,7.63M,-1.10%
10/19/2018,11.87,12.03,12.12,11.78,3.86M,-0.84%
10/18/2018,11.97,12.17,12.24,11.95,3.78M,-2.92%
10/17/2018,12.33,12.36,12.49,12.22,3.56M,-0.64%
10/16/2018,12.41,12.07,12.45,12,2.88M,3.85%
10/15/2018,11.95,12,12.09,11.77,5.97M,-0.25%
10/12/2018,11.98,11.93,12.03,11.69,6.21M,1.61%
10/11/2018,11.79,11.71,11.99,11.7,4.14M,-0.17%
10/10/2018,11.81,12.11,12.25,11.78,6.43M,-2.96%
10/9/2018,12.17,12.17,12.25,12.02,5.15M,-0.49%
10/8/2018,12.23,12.34,12.38,12.15,5.47M,-1.53%
10/5/2018,12.42,12.6,12.79,12.18,6.60M,-1.74%
10/4/2018,12.64,12.88,12.89,12.6,3.35M,-1.56%
10/3/2018,12.84,12.92,12.97,12.79,5.05M,-0.54%
10/2/2018,12.91,12.79,13.01,12.76,2.47M,0.00%
10/1/2018,12.91,13.19,13.21,12.87,3.81M,-1.60%
9/28/2018,13.12,12.86,13.23,12.74,6.75M,1.55%
9/27/2018,12.92,13.01,13.1,12.9,2.80M,-0.31%
9/26/2018,12.96,13.08,13.13,12.95,5.22M,-0.77%
9/25/2018,13.06,13.32,13.39,12.94,6.86M,-1.88%
9/24/2018,13.31,13.29,13.32,13.13,2.82M,-0.30%
9/21/2018,13.35,13.24,13.44,13.24,3.16M,-0.22%
9/20/2018,13.38,13.38,13.44,13.26,2.03M,0.38%
9/19/2018,13.33,13.05,13.54,13.02,7.02M,2.38%
9/18/2018,13.02,13.04,13.07,12.81,2.65M,0.31%
9/17/2018,12.98,13,13.25,12.96,3.56M,0.62%
9/14/2018,12.9,12.92,12.94,12.8,13.80M,-0.31%
9/13/2018,12.94,13.21,13.31,12.93,5.86M,-1.90%
9/12/2018,13.19,12.9,13.21,12.84,6.03M,1.77%
9/11/2018,12.96,13,13.06,12.78,3.89M,-0.46%
9/10/2018,13.02,13.22,13.22,13.02,3.80M,-0.84%
9/7/2018,13.13,13.14,13.26,13.08,5.17M,-0.76%
9/6/2018,13.23,13.53,13.66,13.21,6.69M,-2.72%
9/5/2018,13.6,13.79,13.81,13.58,2.52M,-1.31%
9/4/2018,13.78,13.75,13.82,13.53,3.03M,-0.07%
8/31/2018,13.79,13.79,13.94,13.71,2.91M,0.22%
8/30/2018,13.76,13.84,13.88,13.7,2.23M,-1.01%
8/29/2018,13.9,13.91,14.01,13.85,2.52M,0.00%
8/28/2018,13.9,13.95,14.05,13.86,4.47M,-0.22%
8/27/2018,13.93,13.98,14.18,13.91,3.61M,0.22%
8/24/2018,13.9,13.86,13.94,13.75,1.90M,0.36%
8/23/2018,13.85,14.03,14.09,13.81,1.89M,-1.56%
8/22/2018,14.07,13.99,14.13,13.85,3.44M,1.96%
8/21/2018,13.8,13.67,13.87,13.65,1.67M,1.25%
8/20/2018,13.63,13.54,13.74,13.53,8.85M,0.44%
8/17/2018,13.57,13.34,13.71,13.3,3.68M,1.72%
8/16/2018,13.34,13.48,13.51,13.3,2.38M,-0.22%
8/15/2018,13.37,13.55,13.58,13.3,2.55M,-1.62%
8/14/2018,13.59,13.56,13.74,13.56,2.05M,-0.07%
8/13/2018,13.6,13.72,13.81,13.55,2.66M,-0.95%
8/10/2018,13.73,13.8,13.86,13.69,4.94M,-1.36%
8/9/2018,13.92,14.15,14.22,13.88,3.53M,-1.76%
8/8/2018,14.17,14.22,14.33,14.14,2.82M,-0.07%
8/7/2018,14.18,14.14,14.28,14.14,3.48M,0.28%
8/6/2018,14.14,14.07,14.2,14.05,3.00M,0.50%
8/3/2018,14.07,13.95,14.33,13.91,10.53M,1.15%
8/2/2018,13.91,13.87,14.01,13.77,5.61M,-0.71%
8/1/2018,14.01,13.9,14.19,13.8,7.31M,0.36%
7/31/2018,13.96,14.01,14.08,13.81,8.23M,-0.14%
7/30/2018,13.98,14.06,14.16,13.7,7.50M,-0.78%
7/27/2018,14.09,15.36,15.38,14.04,10.14M,-5.63%
7/26/2018,14.93,14.9,15.04,14.81,7.93M,-0.40%
7/25/2018,14.99,14.91,15.04,14.79,2.99M,0.13%
7/24/2018,14.97,15.19,15.35,14.9,2.79M,-1.38%
7/23/2018,15.18,15.02,15.28,14.82,6.00M,0.53%
7/20/2018,15.1,15.22,15.29,14.95,3.87M,-0.98%
7/19/2018,15.25,15.02,15.33,15.01,3.75M,0.93%
7/18/2018,15.11,15.04,15.15,15.01,3.16M,0.67%
7/17/2018,15.01,14.82,15.04,14.73,5.44M,1.42%
7/16/2018,14.8,14.71,14.86,14.65,2.66M,-0.07%
7/13/2018,14.81,14.82,14.92,14.69,4.36M,0.82%
7/12/2018,14.69,14.39,14.78,14.35,12.17M,2.44%
7/11/2018,14.34,14.56,14.56,14.27,1.84M,-2.25%
7/10/2018,14.67,14.64,14.81,14.45,2.04M,-0.07%
7/9/2018,14.68,14.35,14.69,14.32,2.53M,2.51%
7/6/2018,14.32,14.2,14.37,14.01,2.46M,0.77%
7/5/2018,14.21,13.78,14.25,13.74,2.88M,3.05%
7/3/2018,13.79,14,14.09,13.78,2.11M,-1.01%
7/2/2018,13.93,13.97,13.98,13.66,4.35M,-1.28%
6/29/2018,14.11,13.92,14.4,13.92,4.23M,1.22%
6/28/2018,13.94,14.06,14.1,13.81,4.55M,-1.48%
6/27/2018,14.15,14.35,14.48,14.14,4.91M,-1.12%
6/26/2018,14.31,14.08,14.39,14.02,2.92M,2.14%
6/25/2018,14.01,14.39,14.46,13.91,3.13M,-3.58%
6/22/2018,14.53,14.5,14.55,14.35,3.65M,0.21%
6/21/2018,14.5,14.27,14.58,14.26,7.77M,1.26%
6/20/2018,14.32,14.25,14.41,14.18,3.81M,0.85%
6/19/2018,14.2,14.14,14.34,13.99,3.54M,-1.05%
6/18/2018,14.35,14.23,14.54,14.11,4.19M,-0.14%
6/15/2018,14.37,14.1,14.73,13.99,8.83M,2.57%
6/14/2018,14.01,14.15,14.19,13.99,2.28M,-0.71%
6/13/2018,14.11,14.09,14.32,13.98,2.43M,0.36%
6/12/2018,14.06,14.18,14.25,13.96,4.14M,-0.78%
6/11/2018,14.17,14.06,14.2,13.97,2.53M,0.71%
6/8/2018,14.07,14.05,14.15,14.01,2.34M,-0.57%
6/7/2018,14.15,14.23,14.35,14.09,3.42M,-0.56%
6/6/2018,14.23,14.2,14.28,14.02,4.44M,0.21%
6/5/2018,14.2,13.87,14.25,13.83,8.98M,2.31%
6/4/2018,13.88,13.96,13.98,13.82,6.74M,-0.50%
6/1/2018,13.95,14.03,14.14,13.93,4.01M,0.43%
5/31/2018,13.89,14.05,14.18,13.87,5.07M,-1.56%
5/30/2018,14.11,14.15,14.28,14.03,4.08M,0.00%
5/29/2018,14.11,13.95,14.15,13.81,3.86M,0.86%
5/25/2018,13.99,13.88,14.07,13.73,5.43M,0.50%
5/24/2018,13.92,14.03,14.08,13.91,5.24M,-0.93%
5/23/2018,14.05,14.16,14.24,14.02,3.52M,-1.68%
5/22/2018,14.29,14.38,14.43,14.28,2.04M,-0.49%
5/21/2018,14.36,14.5,14.52,14.33,2.28M,0.07%
5/18/2018,14.35,14.35,14.47,14.31,3.91M,-0.42%
5/17/2018,14.41,14.46,14.57,14.37,6.71M,-0.41%
5/16/2018,14.47,14.38,14.66,14.38,5.18M,0.70%
5/15/2018,14.37,14.65,14.73,14.37,3.13M,-2.18%
5/14/2018,14.69,14.79,14.9,14.67,3.25M,-0.74%
5/11/2018,14.8,14.66,14.88,14.62,7.47M,1.72%
5/10/2018,14.55,14.42,14.6,14.27,4.07M,1.46%
5/9/2018,14.34,14.31,14.43,14.19,3.90M,0.49%
5/8/2018,14.27,14.18,14.29,14.08,4.83M,1.35%
5/7/2018,14.08,14.18,14.19,13.93,4.95M,-0.21%
5/4/2018,14.11,13.95,14.19,13.87,4.96M,0.86%
5/3/2018,13.99,13.71,14.07,13.67,7.33M,2.12%
5/2/2018,13.7,13.68,13.86,13.52,8.82M,0.07%
5/1/2018,13.69,12.99,13.74,12.99,10.71M,5.31%
4/30/2018,13,13.02,13.79,12.96,20.27M,-0.23%
4/27/2018,13.03,13.44,14.98,12.93,35.79M,-21.69%
4/26/2018,16.64,16.7,16.84,16.55,9.54M,0.30%
4/25/2018,16.59,16.72,16.79,16.54,3.86M,-1.01%
4/24/2018,16.76,17.28,17.33,16.64,5.47M,-1.59%
4/23/2018,17.03,17.19,17.19,16.82,4.17M,-1.10%
4/20/2018,17.22,17.3,17.39,17.07,4.28M,0.29%
4/19/2018,17.17,17.29,17.44,17.09,2.25M,-1.66%
4/18/2018,17.46,17.26,17.5,17.2,4.06M,1.33%
4/17/2018,17.23,17.24,17.34,17.1,4.63M,1.17%
4/16/2018,17.03,17.03,17.07,16.79,3.72M,0.95%
4/13/2018,16.87,16.8,17.02,16.75,3.86M,0.78%
4/12/2018,16.74,16.59,16.77,16.55,2.06M,1.70%
4/11/2018,16.46,16.34,16.58,16.31,2.50M,0.06%
4/10/2018,16.45,16.33,16.51,16.28,2.61M,2.56%
4/9/2018,16.04,16.14,16.36,16.04,2.08M,0.31%
4/6/2018,15.99,16.22,16.4,15.9,1.70M,-2.44%
4/5/2018,16.39,16.48,16.57,16.33,2.85M,-0.18%
4/4/2018,16.42,16.21,16.47,16.07,3.59M,0.06%
4/3/2018,16.41,16,16.43,16,5.85M,2.63%
4/2/2018,15.99,16.16,16.3,15.89,4.33M,-2.08%
3/29/2018,16.33,16.41,16.49,16.26,7.07M,0.12%
3/28/2018,16.31,16.64,16.65,16.19,3.13M,-2.10%
3/27/2018,16.66,17.31,17.31,16.6,4.01M,-1.88%
3/26/2018,16.98,16.91,16.99,16.48,5.61M,1.92%
3/23/2018,16.66,17.36,17.43,16.66,3.71M,-4.25%
3/22/2018,17.4,17.83,17.83,17.38,4.64M,-3.01%
3/21/2018,17.94,17.84,18.16,17.72,6.71M,0.62%
3/20/2018,17.83,17.9,17.93,17.65,5.38M,-0.22%
3/19/2018,17.87,18.17,18.25,17.71,4.33M,-2.51%
3/16/2018,18.33,18.19,18.39,18.17,2.77M,0.83%
3/15/2018,18.18,18.45,18.49,18.08,4.84M,-1.14%
3/14/2018,18.39,18.94,19,18.33,7.79M,-2.18%
3/13/2018,18.8,18.93,19,18.74,2.69M,-0.63%
3/12/2018,18.92,19,19.09,18.73,3.69M,-0.05%
3/9/2018,18.93,18.75,18.96,18.61,3.88M,1.61%
3/8/2018,18.63,18.68,18.73,18.42,5.84M,0.43%
3/7/2018,18.55,18.22,18.62,18.16,8.99M,1.37%
3/6/2018,18.3,18.29,18.39,18.12,2.53M,0.99%
3/5/2018,18.12,18.09,18.23,17.89,4.18M,-0.77%
3/2/2018,18.26,17.68,18.27,17.6,3.05M,2.07%
3/1/2018,17.89,18.02,18.28,17.84,3.95M,-1.16%
2/28/2018,18.1,18.12,18.19,17.96,4.39M,0.44%
2/27/2018,18.02,18.19,18.42,18.01,4.09M,-1.04%
2/26/2018,18.21,17.99,18.27,17.91,2.62M,1.39%
2/23/2018,17.96,17.69,17.97,17.69,2.18M,1.70%
2/22/2018,17.66,17.9,17.95,17.62,3.03M,-0.73%
2/21/2018,17.79,17.92,17.98,17.67,4.89M,-0.67%
2/20/2018,17.91,17.69,18.1,17.51,4.00M,0.39%
2/16/2018,17.84,17.73,18.05,17.65,4.04M,0.11%
2/15/2018,17.82,17.26,17.83,17.17,7.84M,4.33%
2/14/2018,17.08,16.82,17.13,16.82,2.94M,0.95%
2/13/2018,16.92,16.91,16.98,16.78,1.94M,-0.59%
2/12/2018,17.02,16.86,17.12,16.67,4.10M,1.73%
2/9/2018,16.73,16.93,16.96,16.27,5.14M,0.24%
2/8/2018,16.69,17.38,17.48,16.69,3.80M,-3.80%
2/7/2018,17.35,17.22,17.7,17.12,4.16M,0.23%
2/6/2018,17.31,16.83,17.34,16.62,6.19M,1.76%
2/5/2018,17.01,17.55,17.71,17.01,5.49M,-4.33%
2/2/2018,17.78,18,18.04,17.71,4.36M,-2.04%
2/1/2018,18.15,18.02,18.17,17.85,4.26M,0.78%
1/31/2018,18.01,18.34,18.43,17.94,6.82M,-1.32%
1/30/2018,18.25,18.69,18.72,18.17,7.11M,-3.23%
1/29/2018,18.86,19.35,19.52,18.52,10.60M,-2.53%
1/26/2018,19.35,19.52,19.53,18.76,6.04M,2.87%
1/25/2018,18.81,19.11,19.25,18.8,4.81M,-0.74%
1/24/2018,18.95,19.13,19.25,18.86,3.58M,-0.79%
1/23/2018,19.1,19.45,19.49,19.02,7.04M,-1.75%
1/22/2018,19.44,19.33,19.5,19.07,6.09M,-0.87%
1/19/2018,19.61,19.66,19.69,19.47,2.95M,0.00%
1/18/2018,19.61,19.4,19.71,19.37,3.74M,0.87%
1/17/2018,19.44,19.15,19.48,19.1,3.26M,2.21%
1/16/2018,19.02,19.19,19.31,18.87,2.16M,-0.63%
1/12/2018,19.14,18.83,19.28,18.77,2.86M,2.03%
1/11/2018,18.76,18.69,18.8,18.56,3.26M,0.64%
1/10/2018,18.64,18.63,18.75,18.48,3.51M,-0.27%
1/9/2018,18.69,18.69,18.88,18.62,3.26M,0.48%
1/8/2018,18.6,18.49,18.65,18.3,2.27M,0.32%
1/5/2018,18.54,18.57,18.67,18.43,2.79M,0.11%
1/4/2018,18.52,18.42,18.76,18.39,7.93M,0.60%
1/3/2018,18.41,18.23,18.47,18.19,2.15M,0.99%
1/2/2018,18.23,18.15,18.25,17.94,2.62M,1.33%
